

================================================================
== Vitis HLS Report for 'fft1d_fixed_col_Pipeline_VITIS_LOOP_151_5'
================================================================
* Date:           Mon Jun 29 12:38:44 2026

* Version:        2025.2 (Build 6295257 on Nov 14 2025)
* Project:        fft2d_accel_rgb_prj
* Solution:       solution1 (Vivado IP Flow Target)
* Product family: zynq
* Target device:  xc7z020-clg400-1


================================================================
== Performance Estimates
================================================================
+ Timing: 
    * Summary: 
    +--------+----------+----------+------------+
    |  Clock |  Target  | Estimated| Uncertainty|
    +--------+----------+----------+------------+
    |ap_clk  |  10.00 ns|  6.912 ns|     2.70 ns|
    +--------+----------+----------+------------+

+ Latency: 
    * Summary: 
    +---------+------------+-----------+------------+-----+-----+-------------------+
    |   Latency (cycles)   |   Latency (absolute)   |  Interval |      Pipeline     |
    |   min   |     max    |    min    |     max    | min | max |        Type       |
    +---------+------------+-----------+------------+-----+-----+-------------------+
    |        2|  7516192778|  20.000 ns|  75.162 sec|    0|    0|  loop pipeline stp|
    +---------+------------+-----------+------------+-----+-----+-------------------+

    + Detail: 
        * Instance: 
        N/A

        * Loop: 
        +--------------------+---------+------------+----------+-----------+-----------+----------------+----------+
        |                    |   Latency (cycles)   | Iteration|  Initiation Interval  |      Trip      |          |
        |      Loop Name     |   min   |     max    |  Latency |  achieved |   target  |      Count     | Pipelined|
        +--------------------+---------+------------+----------+-----------+-----------+----------------+----------+
        |- VITIS_LOOP_151_5  |        0|  7516192776|        23|          7|          1|  0 ~ 1073741823|       yes|
        +--------------------+---------+------------+----------+-----------+-----------+----------------+----------+



================================================================
== Utilization Estimates
================================================================
* Summary: 
+-----------------+---------+-----+--------+-------+-----+
|       Name      | BRAM_18K| DSP |   FF   |  LUT  | URAM|
+-----------------+---------+-----+--------+-------+-----+
|DSP              |        -|    -|       -|      -|    -|
|Expression       |        -|    -|       0|    890|    -|
|FIFO             |        -|    -|       -|      -|    -|
|Instance         |        -|    -|    2283|   1738|    -|
|Memory           |        0|    -|      27|     14|    -|
|Multiplexer      |        -|    -|       0|    198|    -|
|Register         |        -|    -|     646|     64|    -|
+-----------------+---------+-----+--------+-------+-----+
|Total            |        0|    0|    2956|   2904|    0|
+-----------------+---------+-----+--------+-------+-----+
|Available        |      280|  220|  106400|  53200|    0|
+-----------------+---------+-----+--------+-------+-----+
|Utilization (%)  |        0|    0|       2|      5|    0|
+-----------------+---------+-----+--------+-------+-----+

+ Detail: 
    * Instance: 
    +---------------------------+-----------------------+---------+----+------+------+-----+
    |          Instance         |         Module        | BRAM_18K| DSP|  FF  |  LUT | URAM|
    +---------------------------+-----------------------+---------+----+------+------+-----+
    |sdiv_12ns_32ns_5_16_1_U61  |sdiv_12ns_32ns_5_16_1  |        0|   0|  2283|  1738|    0|
    +---------------------------+-----------------------+---------+----+------+------+-----+
    |Total                      |                       |        0|   0|  2283|  1738|    0|
    +---------------------------+-----------------------+---------+----+------+------+-----+

    * DSP: 
    N/A

    * Memory: 
    +----------------+----------------------------------------------------------------+---------+----+----+-----+------+-----+------+-------------+
    |     Memory     |                             Module                             | BRAM_18K| FF | LUT| URAM| Words| Bits| Banks| W*Bits*Banks|
    +----------------+----------------------------------------------------------------+---------+----+----+-----+------+-----+------+-------------+
    |TWIDDLE_IMAG_U  |fft1d_fixed_Pipeline_VITIS_LOOP_119_5_TWIDDLE_IMAG_ROM_AUTO_1R  |        0|  13|   7|    0|    32|   13|     1|          416|
    |TWIDDLE_REAL_U  |fft1d_fixed_Pipeline_VITIS_LOOP_119_5_TWIDDLE_REAL_ROM_AUTO_1R  |        0|  14|   7|    0|    32|   14|     1|          448|
    +----------------+----------------------------------------------------------------+---------+----+----+-----+------+-----+------+-------------+
    |Total           |                                                                |        0|  27|  14|    0|    64|   27|     2|          864|
    +----------------+----------------------------------------------------------------+---------+----+----+-----+------+-----+------+-------------+

    * FIFO: 
    N/A

    * Expression: 
    +-------------------------+----------+----+---+----+------------+------------+
    |      Variable Name      | Operation| DSP| FF| LUT| Bitwidth P0| Bitwidth P1|
    +-------------------------+----------+----+---+----+------------+------------+
    |add_ln151_fu_222_p2      |         +|   0|  0|  14|           6|           1|
    |add_ln153_fu_254_p2      |         +|   0|  0|  14|           6|           6|
    |add_ln154_fu_275_p2      |         +|   0|  0|  14|           6|           6|
    |add_ln85_1_fu_689_p2     |         +|   0|  0|  40|          33|          33|
    |add_ln85_fu_621_p2       |         +|   0|  0|  40|          33|          33|
    |add_ln94_fu_407_p2       |         +|   0|  0|  39|          32|          32|
    |add_ln95_1_fu_512_p2     |         +|   0|  0|  39|          32|          32|
    |add_ln95_fu_365_p2       |         +|   0|  0|  52|          45|          45|
    |sub_ln89_1_fu_810_p2     |         -|   0|  0|  40|          33|          33|
    |sub_ln89_fu_750_p2       |         -|   0|  0|  40|          33|          33|
    |sub_ln94_fu_323_p2       |         -|   0|  0|  52|          45|          45|
    |and_ln85_1_fu_721_p2     |       and|   0|  0|   2|           1|           1|
    |and_ln85_fu_653_p2       |       and|   0|  0|   2|           1|           1|
    |and_ln89_1_fu_842_p2     |       and|   0|  0|   2|           1|           1|
    |and_ln89_fu_782_p2       |       and|   0|  0|   2|           1|           1|
    |and_ln94_1_fu_464_p2     |       and|   0|  0|   2|           1|           1|
    |and_ln94_2_fu_482_p2     |       and|   0|  0|   2|           1|           1|
    |and_ln94_fu_426_p2       |       and|   0|  0|   2|           1|           1|
    |and_ln95_1_fu_569_p2     |       and|   0|  0|   2|           1|           1|
    |and_ln95_2_fu_587_p2     |       and|   0|  0|   2|           1|           1|
    |and_ln95_fu_531_p2       |       and|   0|  0|   2|           1|           1|
    |icmp_ln151_fu_216_p2     |      icmp|   0|  0|  38|          31|          31|
    |or_ln94_1_fu_495_p2      |        or|   0|  0|   2|           1|           1|
    |or_ln94_2_fu_436_p2      |        or|   0|  0|   2|           1|           1|
    |or_ln94_3_fu_470_p2      |        or|   0|  0|   2|           1|           1|
    |or_ln94_fu_458_p2        |        or|   0|  0|   2|           1|           1|
    |or_ln95_1_fu_600_p2      |        or|   0|  0|   2|           1|           1|
    |or_ln95_2_fu_541_p2      |        or|   0|  0|   2|           1|           1|
    |or_ln95_3_fu_575_p2      |        or|   0|  0|   2|           1|           1|
    |or_ln95_fu_563_p2        |        or|   0|  0|   2|           1|           1|
    |select_ln85_1_fu_673_p3  |    select|   0|  0|  32|           1|          32|
    |select_ln85_2_fu_733_p3  |    select|   0|  0|  33|           1|          31|
    |select_ln85_3_fu_741_p3  |    select|   0|  0|  32|           1|          32|
    |select_ln85_fu_665_p3    |    select|   0|  0|  33|           1|          31|
    |select_ln89_1_fu_802_p3  |    select|   0|  0|  32|           1|          32|
    |select_ln89_2_fu_854_p3  |    select|   0|  0|  33|           1|          31|
    |select_ln89_3_fu_862_p3  |    select|   0|  0|  32|           1|          32|
    |select_ln89_fu_794_p3    |    select|   0|  0|  33|           1|          31|
    |select_ln94_fu_487_p3    |    select|   0|  0|  33|           1|          31|
    |select_ln95_fu_592_p3    |    select|   0|  0|  33|           1|          31|
    |v_imag_fu_606_p3         |    select|   0|  0|  32|           1|          32|
    |v_real_fu_501_p3         |    select|   0|  0|  32|           1|          32|
    |ap_enable_pp0            |       xor|   0|  0|   2|           1|           2|
    |xor_ln85_1_fu_659_p2     |       xor|   0|  0|   2|           1|           1|
    |xor_ln85_2_fu_715_p2     |       xor|   0|  0|   2|           1|           2|
    |xor_ln85_3_fu_727_p2     |       xor|   0|  0|   2|           1|           1|
    |xor_ln85_fu_647_p2       |       xor|   0|  0|   2|           1|           2|
    |xor_ln89_1_fu_788_p2     |       xor|   0|  0|   2|           1|           1|
    |xor_ln89_2_fu_836_p2     |       xor|   0|  0|   2|           1|           2|
    |xor_ln89_3_fu_848_p2     |       xor|   0|  0|   2|           1|           1|
    |xor_ln89_fu_776_p2       |       xor|   0|  0|   2|           1|           2|
    |xor_ln94_1_fu_442_p2     |       xor|   0|  0|   2|           1|           2|
    |xor_ln94_2_fu_431_p2     |       xor|   0|  0|   2|           1|           2|
    |xor_ln94_3_fu_452_p2     |       xor|   0|  0|   2|           1|           1|
    |xor_ln94_4_fu_447_p2     |       xor|   0|  0|   2|           1|           2|
    |xor_ln94_5_fu_476_p2     |       xor|   0|  0|   2|           1|           2|
    |xor_ln94_fu_420_p2       |       xor|   0|  0|   2|           1|           2|
    |xor_ln95_1_fu_547_p2     |       xor|   0|  0|   2|           1|           2|
    |xor_ln95_2_fu_536_p2     |       xor|   0|  0|   2|           1|           2|
    |xor_ln95_3_fu_557_p2     |       xor|   0|  0|   2|           1|           1|
    |xor_ln95_4_fu_552_p2     |       xor|   0|  0|   2|           1|           2|
    |xor_ln95_5_fu_581_p2     |       xor|   0|  0|   2|           1|           2|
    |xor_ln95_fu_525_p2       |       xor|   0|  0|   2|           1|           2|
    +-------------------------+----------+----+---+----+------------+------------+
    |Total                    |          |   0|  0| 890|         386|         762|
    +-------------------------+----------+----+---+----+------------+------------+

    * Multiplexer: 
    +----------------------------------+----+-----------+-----+-----------+
    |               Name               | LUT| Input Size| Bits| Total Bits|
    +----------------------------------+----+-----------+-----+-----------+
    |ap_NS_fsm                         |  42|          8|    1|          8|
    |ap_done_int                       |   9|          2|    1|          2|
    |ap_enable_reg_pp0_iter0           |   9|          2|    1|          2|
    |ap_enable_reg_pp0_iter1           |   9|          2|    1|          2|
    |ap_enable_reg_pp0_iter3           |   9|          2|    1|          2|
    |ap_loop_exit_ready_pp0_iter1_reg  |   9|          2|    1|          2|
    |ap_loop_exit_ready_pp0_iter2_reg  |   9|          2|    1|          2|
    |ap_sig_allocacmp_j_1              |   9|          2|    6|         12|
    |data_imag_address0_local          |  14|          3|    6|         18|
    |data_imag_address1_local          |  14|          3|    6|         18|
    |data_imag_d0_local                |  14|          3|   32|         96|
    |data_real_address0_local          |  14|          3|    6|         18|
    |data_real_address1_local          |  14|          3|    6|         18|
    |data_real_d0_local                |  14|          3|   32|         96|
    |j_fu_76                           |   9|          2|    6|         12|
    +----------------------------------+----+-----------+-----+-----------+
    |Total                             | 198|         42|  107|        308|
    +----------------------------------+----+-----------+-----+-----------+

    * Register: 
    +----------------------------------+----+----+-----+-----------+
    |               Name               | FF | LUT| Bits| Const Bits|
    +----------------------------------+----+----+-----+-----------+
    |a_imag_reg_918                    |   6|   0|    6|          0|
    |a_real_reg_912                    |   6|   0|    6|          0|
    |add_ln153_reg_896                 |   6|   0|    6|          0|
    |ap_CS_fsm                         |   7|   0|    7|          0|
    |ap_done_reg                       |   1|   0|    1|          0|
    |ap_enable_reg_pp0_iter0_reg       |   1|   0|    1|          0|
    |ap_enable_reg_pp0_iter1           |   1|   0|    1|          0|
    |ap_enable_reg_pp0_iter2           |   1|   0|    1|          0|
    |ap_enable_reg_pp0_iter3           |   1|   0|    1|          0|
    |ap_loop_exit_ready_pp0_iter1_reg  |   1|   0|    1|          0|
    |ap_loop_exit_ready_pp0_iter2_reg  |   1|   0|    1|          0|
    |data_imag_addr_reg_940            |   6|   0|    6|          0|
    |data_real_addr_reg_934            |   6|   0|    6|          0|
    |icmp_ln151_reg_887                |   1|   0|    1|          0|
    |j_fu_76                           |   6|   0|    6|          0|
    |mul_ln94_1_reg_983                |  44|   0|   44|          0|
    |mul_ln94_reg_978                  |  45|   0|   45|          0|
    |mul_ln95_1_reg_993                |  44|   0|   44|          0|
    |mul_ln95_reg_988                  |  45|   0|   45|          0|
    |reg_196                           |  32|   0|   32|          0|
    |reg_200                           |  32|   0|   32|          0|
    |select_ln89_1_reg_1054            |  32|   0|   32|          0|
    |select_ln89_3_reg_1059            |  32|   0|   32|          0|
    |tmp_3_reg_998                     |   1|   0|    1|          0|
    |tmp_4_reg_1010                    |   1|   0|    1|          0|
    |tmp_5_reg_1015                    |   1|   0|    1|          0|
    |tmp_7_reg_1021                    |   1|   0|    1|          0|
    |tmp_8_reg_1033                    |   1|   0|    1|          0|
    |tmp_9_reg_1038                    |   1|   0|    1|          0|
    |trunc_ln4_reg_1005                |  32|   0|   32|          0|
    |trunc_ln5_reg_1028                |  32|   0|   32|          0|
    |v_imag_reg_1049                   |  32|   0|   32|          0|
    |v_real_reg_1044                   |  32|   0|   32|          0|
    |w_imag_reg_929                    |  13|   0|   13|          0|
    |w_real_reg_924                    |  14|   0|   14|          0|
    |add_ln153_reg_896                 |  64|  32|    6|          0|
    |icmp_ln151_reg_887                |  64|  32|    1|          0|
    +----------------------------------+----+----+-----+-----------+
    |Total                             | 646|  64|  525|          0|
    +----------------------------------+----+----+-----+-----------+



================================================================
== Interface
================================================================
* Summary: 
+--------------------+-----+-----+------------+-------------------------------------------+--------------+
|      RTL Ports     | Dir | Bits|  Protocol  |               Source Object               |    C Type    |
+--------------------+-----+-----+------------+-------------------------------------------+--------------+
|ap_clk              |   in|    1|  ap_ctrl_hs|  fft1d_fixed_col_Pipeline_VITIS_LOOP_151_5|  return value|
|ap_rst              |   in|    1|  ap_ctrl_hs|  fft1d_fixed_col_Pipeline_VITIS_LOOP_151_5|  return value|
|ap_start            |   in|    1|  ap_ctrl_hs|  fft1d_fixed_col_Pipeline_VITIS_LOOP_151_5|  return value|
|ap_done             |  out|    1|  ap_ctrl_hs|  fft1d_fixed_col_Pipeline_VITIS_LOOP_151_5|  return value|
|ap_idle             |  out|    1|  ap_ctrl_hs|  fft1d_fixed_col_Pipeline_VITIS_LOOP_151_5|  return value|
|ap_ready            |  out|    1|  ap_ctrl_hs|  fft1d_fixed_col_Pipeline_VITIS_LOOP_151_5|  return value|
|grp_fu_413_p_din0   |  out|   32|  ap_ctrl_hs|  fft1d_fixed_col_Pipeline_VITIS_LOOP_151_5|  return value|
|grp_fu_413_p_din1   |  out|   13|  ap_ctrl_hs|  fft1d_fixed_col_Pipeline_VITIS_LOOP_151_5|  return value|
|grp_fu_413_p_dout0  |   in|   45|  ap_ctrl_hs|  fft1d_fixed_col_Pipeline_VITIS_LOOP_151_5|  return value|
|grp_fu_413_p_ce     |  out|    1|  ap_ctrl_hs|  fft1d_fixed_col_Pipeline_VITIS_LOOP_151_5|  return value|
|grp_fu_417_p_din0   |  out|   32|  ap_ctrl_hs|  fft1d_fixed_col_Pipeline_VITIS_LOOP_151_5|  return value|
|grp_fu_417_p_din1   |  out|   13|  ap_ctrl_hs|  fft1d_fixed_col_Pipeline_VITIS_LOOP_151_5|  return value|
|grp_fu_417_p_dout0  |   in|   45|  ap_ctrl_hs|  fft1d_fixed_col_Pipeline_VITIS_LOOP_151_5|  return value|
|grp_fu_417_p_ce     |  out|    1|  ap_ctrl_hs|  fft1d_fixed_col_Pipeline_VITIS_LOOP_151_5|  return value|
|grp_fu_421_p_din0   |  out|   32|  ap_ctrl_hs|  fft1d_fixed_col_Pipeline_VITIS_LOOP_151_5|  return value|
|grp_fu_421_p_din1   |  out|   14|  ap_ctrl_hs|  fft1d_fixed_col_Pipeline_VITIS_LOOP_151_5|  return value|
|grp_fu_421_p_dout0  |   in|   44|  ap_ctrl_hs|  fft1d_fixed_col_Pipeline_VITIS_LOOP_151_5|  return value|
|grp_fu_421_p_ce     |  out|    1|  ap_ctrl_hs|  fft1d_fixed_col_Pipeline_VITIS_LOOP_151_5|  return value|
|grp_fu_425_p_din0   |  out|   32|  ap_ctrl_hs|  fft1d_fixed_col_Pipeline_VITIS_LOOP_151_5|  return value|
|grp_fu_425_p_din1   |  out|   14|  ap_ctrl_hs|  fft1d_fixed_col_Pipeline_VITIS_LOOP_151_5|  return value|
|grp_fu_425_p_dout0  |   in|   44|  ap_ctrl_hs|  fft1d_fixed_col_Pipeline_VITIS_LOOP_151_5|  return value|
|grp_fu_425_p_ce     |  out|    1|  ap_ctrl_hs|  fft1d_fixed_col_Pipeline_VITIS_LOOP_151_5|  return value|
|select_ln151        |   in|   31|     ap_none|                               select_ln151|        scalar|
|len                 |   in|   32|     ap_none|                                        len|        scalar|
|empty_42            |   in|    6|     ap_none|                                   empty_42|        scalar|
|data_real_address0  |  out|    6|   ap_memory|                                  data_real|         array|
|data_real_ce0       |  out|    1|   ap_memory|                                  data_real|         array|
|data_real_we0       |  out|    1|   ap_memory|                                  data_real|         array|
|data_real_d0        |  out|   32|   ap_memory|                                  data_real|         array|
|data_real_address1  |  out|    6|   ap_memory|                                  data_real|         array|
|data_real_ce1       |  out|    1|   ap_memory|                                  data_real|         array|
|data_real_q1        |   in|   32|   ap_memory|                                  data_real|         array|
|data_imag_address0  |  out|    6|   ap_memory|                                  data_imag|         array|
|data_imag_ce0       |  out|    1|   ap_memory|                                  data_imag|         array|
|data_imag_we0       |  out|    1|   ap_memory|                                  data_imag|         array|
|data_imag_d0        |  out|   32|   ap_memory|                                  data_imag|         array|
|data_imag_address1  |  out|    6|   ap_memory|                                  data_imag|         array|
|data_imag_ce1       |  out|    1|   ap_memory|                                  data_imag|         array|
|data_imag_q1        |   in|   32|   ap_memory|                                  data_imag|         array|
|empty               |   in|    6|     ap_none|                                      empty|        scalar|
+--------------------+-----+-----+------------+-------------------------------------------+--------------+

============================================================
+ Verbose Summary: Synthesis Manager
============================================================
InlineROM: 1
ExposeGlobal: 0
============================================================
+ Verbose Summary: CDFG Model
============================================================
IsTopModel: 0
ResetActiveHigh: 1
IsCombinational: 2
IsDatapathOnly: 2
HasWiredReturn: 1
HasMFsm: 2
HasVarLatency: 1
IsPipeline: 0
IsRtlPipelined: 0
IsInstanceOverlapped: 0
IsDontTouch: 0
HasImplIP: 0
IsGatedGlobalClock: 0

+ Individual pipeline summary: 
  * Pipeline-0: initiation interval (II) = 7, depth = 23


============================================================
+ Verbose Summary: Schedule
============================================================
* Number of FSM states : 23
* Pipeline : 1
  Pipeline-0 : II = 7, D = 23, States = { 1 2 3 4 5 6 7 8 9 10 11 12 13 14 15 16 17 18 19 20 21 22 23 }
* Dataflow Pipeline: 0

* FSM state transitions: 
1 --> 2 
2 --> 3 
3 --> 4 
4 --> 5 
5 --> 6 
6 --> 7 
7 --> 8 
8 --> 9 
9 --> 10 
10 --> 11 
11 --> 12 
12 --> 13 
13 --> 14 
14 --> 15 
15 --> 16 
16 --> 17 
17 --> 18 
18 --> 19 
19 --> 20 
20 --> 21 
21 --> 22 
22 --> 23 
23 --> 

* FSM state operations: 

State 1 <SV = 0> <Delay = 5.92>
ST_1 : Operation 26 [1/1] (0.00ns)   --->   "%j = alloca i32 1" [src/fft2d_fixed.cpp:151]   --->   Operation 26 'alloca' 'j' <Predicate = true> <Delay = 0.00>
ST_1 : Operation 27 [1/1] (0.00ns)   --->   "%tmp = read i6 @_ssdm_op_Read.ap_auto.i6, i6 %empty"   --->   Operation 27 'read' 'tmp' <Predicate = true> <Delay = 0.00>
ST_1 : Operation 28 [1/1] (0.00ns)   --->   "%tmp_2 = read i6 @_ssdm_op_Read.ap_auto.i6, i6 %empty_42"   --->   Operation 28 'read' 'tmp_2' <Predicate = true> <Delay = 0.00>
ST_1 : Operation 29 [1/1] (0.00ns)   --->   "%len_read = read i32 @_ssdm_op_Read.ap_auto.i32, i32 %len"   --->   Operation 29 'read' 'len_read' <Predicate = true> <Delay = 0.00>
ST_1 : Operation 30 [1/1] (0.00ns)   --->   "%select_ln151_read = read i31 @_ssdm_op_Read.ap_auto.i31, i31 %select_ln151"   --->   Operation 30 'read' 'select_ln151_read' <Predicate = true> <Delay = 0.00>
ST_1 : Operation 31 [1/1] (1.58ns)   --->   "%store_ln151 = store i6 0, i6 %j" [src/fft2d_fixed.cpp:151]   --->   Operation 31 'store' 'store_ln151' <Predicate = true> <Delay = 1.58>
ST_1 : Operation 32 [1/1] (0.00ns)   --->   "%br_ln0 = br void %for.inc40"   --->   Operation 32 'br' 'br_ln0' <Predicate = true> <Delay = 0.00>
ST_1 : Operation 33 [1/1] (0.00ns)   --->   "%j_1 = load i6 %j" [src/fft2d_fixed.cpp:151]   --->   Operation 33 'load' 'j_1' <Predicate = true> <Delay = 0.00>
ST_1 : Operation 34 [1/1] (0.00ns)   --->   "%zext_ln151 = zext i6 %j_1" [src/fft2d_fixed.cpp:151]   --->   Operation 34 'zext' 'zext_ln151' <Predicate = true> <Delay = 0.00>
ST_1 : Operation 35 [1/1] (2.52ns)   --->   "%icmp_ln151 = icmp_slt  i31 %zext_ln151, i31 %select_ln151_read" [src/fft2d_fixed.cpp:151]   --->   Operation 35 'icmp' 'icmp_ln151' <Predicate = true> <Delay = 2.52> <CoreInst = "Cmp">   --->   Core 9 'Cmp' <Latency = 0> <II = 1> <Delay = 2.52> <FuncUnit> <Opcode : 'seteq' 'setne' 'setle' 'setge' 'setlt' 'setgt'> <InPorts = 2> <OutPorts = 1>
ST_1 : Operation 36 [1/1] (1.82ns)   --->   "%add_ln151 = add i6 %j_1, i6 1" [src/fft2d_fixed.cpp:151]   --->   Operation 36 'add' 'add_ln151' <Predicate = true> <Delay = 1.82> <CoreInst = "Adder">   --->   Core 1 'Adder' <Latency = 0> <II = 1> <Delay = 1.82> <FuncUnit> <Opcode : 'add' 'sub'> <InPorts = 2> <OutPorts = 1>
ST_1 : Operation 37 [1/1] (0.00ns)   --->   "%br_ln151 = br i1 %icmp_ln151, void %for.inc43.exitStub, void %for.inc40.split" [src/fft2d_fixed.cpp:151]   --->   Operation 37 'br' 'br_ln151' <Predicate = true> <Delay = 0.00>
ST_1 : Operation 38 [1/1] (0.00ns)   --->   "%trunc_ln151 = trunc i6 %j_1" [src/fft2d_fixed.cpp:151]   --->   Operation 38 'trunc' 'trunc_ln151' <Predicate = (icmp_ln151)> <Delay = 0.00>
ST_1 : Operation 39 [1/1] (0.00ns)   --->   "%zext_ln151_1 = zext i5 %trunc_ln151" [src/fft2d_fixed.cpp:151]   --->   Operation 39 'zext' 'zext_ln151_1' <Predicate = (icmp_ln151)> <Delay = 0.00>
ST_1 : Operation 40 [1/1] (0.00ns)   --->   "%shl_ln = bitconcatenate i11 @_ssdm_op_BitConcatenate.i11.i5.i6, i5 %trunc_ln151, i6 0" [src/fft2d_fixed.cpp:80->src/fft2d_fixed.cpp:152]   --->   Operation 40 'bitconcatenate' 'shl_ln' <Predicate = (icmp_ln151)> <Delay = 0.00>
ST_1 : Operation 41 [1/1] (0.00ns)   --->   "%zext_ln80 = zext i11 %shl_ln" [src/fft2d_fixed.cpp:80->src/fft2d_fixed.cpp:152]   --->   Operation 41 'zext' 'zext_ln80' <Predicate = (icmp_ln151)> <Delay = 0.00>
ST_1 : Operation 42 [16/16] (4.33ns)   --->   "%index = sdiv i32 %zext_ln80, i32 %len_read" [src/fft2d_fixed.cpp:80->src/fft2d_fixed.cpp:152]   --->   Operation 42 'sdiv' 'index' <Predicate = (icmp_ln151)> <Delay = 4.33> <CoreInst = "Divider">   --->   Core 6 'Divider' <Latency = 15> <II = 1> <Delay = 4.33> <FuncUnit> <Opcode : 'udiv' 'sdiv' 'urem' 'srem'> <InPorts = 2> <OutPorts = 1>
ST_1 : Operation 43 [1/1] (1.82ns)   --->   "%add_ln153 = add i6 %zext_ln151_1, i6 %tmp_2" [src/fft2d_fixed.cpp:153]   --->   Operation 43 'add' 'add_ln153' <Predicate = (icmp_ln151)> <Delay = 1.82> <CoreInst = "Adder">   --->   Core 1 'Adder' <Latency = 0> <II = 1> <Delay = 1.82> <FuncUnit> <Opcode : 'add' 'sub'> <InPorts = 2> <OutPorts = 1>
ST_1 : Operation 44 [1/1] (1.58ns)   --->   "%store_ln151 = store i6 %add_ln151, i6 %j" [src/fft2d_fixed.cpp:151]   --->   Operation 44 'store' 'store_ln151' <Predicate = (icmp_ln151)> <Delay = 1.58>

State 2 <SV = 1> <Delay = 4.33>
ST_2 : Operation 45 [15/16] (4.33ns)   --->   "%index = sdiv i32 %zext_ln80, i32 %len_read" [src/fft2d_fixed.cpp:80->src/fft2d_fixed.cpp:152]   --->   Operation 45 'sdiv' 'index' <Predicate = (icmp_ln151)> <Delay = 4.33> <CoreInst = "Divider">   --->   Core 6 'Divider' <Latency = 15> <II = 1> <Delay = 4.33> <FuncUnit> <Opcode : 'udiv' 'sdiv' 'urem' 'srem'> <InPorts = 2> <OutPorts = 1>

State 3 <SV = 2> <Delay = 4.33>
ST_3 : Operation 46 [14/16] (4.33ns)   --->   "%index = sdiv i32 %zext_ln80, i32 %len_read" [src/fft2d_fixed.cpp:80->src/fft2d_fixed.cpp:152]   --->   Operation 46 'sdiv' 'index' <Predicate = (icmp_ln151)> <Delay = 4.33> <CoreInst = "Divider">   --->   Core 6 'Divider' <Latency = 15> <II = 1> <Delay = 4.33> <FuncUnit> <Opcode : 'udiv' 'sdiv' 'urem' 'srem'> <InPorts = 2> <OutPorts = 1>

State 4 <SV = 3> <Delay = 4.33>
ST_4 : Operation 47 [13/16] (4.33ns)   --->   "%index = sdiv i32 %zext_ln80, i32 %len_read" [src/fft2d_fixed.cpp:80->src/fft2d_fixed.cpp:152]   --->   Operation 47 'sdiv' 'index' <Predicate = (icmp_ln151)> <Delay = 4.33> <CoreInst = "Divider">   --->   Core 6 'Divider' <Latency = 15> <II = 1> <Delay = 4.33> <FuncUnit> <Opcode : 'udiv' 'sdiv' 'urem' 'srem'> <InPorts = 2> <OutPorts = 1>

State 5 <SV = 4> <Delay = 4.33>
ST_5 : Operation 48 [12/16] (4.33ns)   --->   "%index = sdiv i32 %zext_ln80, i32 %len_read" [src/fft2d_fixed.cpp:80->src/fft2d_fixed.cpp:152]   --->   Operation 48 'sdiv' 'index' <Predicate = (icmp_ln151)> <Delay = 4.33> <CoreInst = "Divider">   --->   Core 6 'Divider' <Latency = 15> <II = 1> <Delay = 4.33> <FuncUnit> <Opcode : 'udiv' 'sdiv' 'urem' 'srem'> <InPorts = 2> <OutPorts = 1>

State 6 <SV = 5> <Delay = 4.33>
ST_6 : Operation 49 [11/16] (4.33ns)   --->   "%index = sdiv i32 %zext_ln80, i32 %len_read" [src/fft2d_fixed.cpp:80->src/fft2d_fixed.cpp:152]   --->   Operation 49 'sdiv' 'index' <Predicate = (icmp_ln151)> <Delay = 4.33> <CoreInst = "Divider">   --->   Core 6 'Divider' <Latency = 15> <II = 1> <Delay = 4.33> <FuncUnit> <Opcode : 'udiv' 'sdiv' 'urem' 'srem'> <InPorts = 2> <OutPorts = 1>

State 7 <SV = 6> <Delay = 4.33>
ST_7 : Operation 50 [10/16] (4.33ns)   --->   "%index = sdiv i32 %zext_ln80, i32 %len_read" [src/fft2d_fixed.cpp:80->src/fft2d_fixed.cpp:152]   --->   Operation 50 'sdiv' 'index' <Predicate = (icmp_ln151)> <Delay = 4.33> <CoreInst = "Divider">   --->   Core 6 'Divider' <Latency = 15> <II = 1> <Delay = 4.33> <FuncUnit> <Opcode : 'udiv' 'sdiv' 'urem' 'srem'> <InPorts = 2> <OutPorts = 1>

State 8 <SV = 7> <Delay = 4.33>
ST_8 : Operation 51 [9/16] (4.33ns)   --->   "%index = sdiv i32 %zext_ln80, i32 %len_read" [src/fft2d_fixed.cpp:80->src/fft2d_fixed.cpp:152]   --->   Operation 51 'sdiv' 'index' <Predicate = true> <Delay = 4.33> <CoreInst = "Divider">   --->   Core 6 'Divider' <Latency = 15> <II = 1> <Delay = 4.33> <FuncUnit> <Opcode : 'udiv' 'sdiv' 'urem' 'srem'> <InPorts = 2> <OutPorts = 1>

State 9 <SV = 8> <Delay = 4.33>
ST_9 : Operation 52 [8/16] (4.33ns)   --->   "%index = sdiv i32 %zext_ln80, i32 %len_read" [src/fft2d_fixed.cpp:80->src/fft2d_fixed.cpp:152]   --->   Operation 52 'sdiv' 'index' <Predicate = true> <Delay = 4.33> <CoreInst = "Divider">   --->   Core 6 'Divider' <Latency = 15> <II = 1> <Delay = 4.33> <FuncUnit> <Opcode : 'udiv' 'sdiv' 'urem' 'srem'> <InPorts = 2> <OutPorts = 1>

State 10 <SV = 9> <Delay = 4.33>
ST_10 : Operation 53 [7/16] (4.33ns)   --->   "%index = sdiv i32 %zext_ln80, i32 %len_read" [src/fft2d_fixed.cpp:80->src/fft2d_fixed.cpp:152]   --->   Operation 53 'sdiv' 'index' <Predicate = true> <Delay = 4.33> <CoreInst = "Divider">   --->   Core 6 'Divider' <Latency = 15> <II = 1> <Delay = 4.33> <FuncUnit> <Opcode : 'udiv' 'sdiv' 'urem' 'srem'> <InPorts = 2> <OutPorts = 1>

State 11 <SV = 10> <Delay = 4.33>
ST_11 : Operation 54 [6/16] (4.33ns)   --->   "%index = sdiv i32 %zext_ln80, i32 %len_read" [src/fft2d_fixed.cpp:80->src/fft2d_fixed.cpp:152]   --->   Operation 54 'sdiv' 'index' <Predicate = true> <Delay = 4.33> <CoreInst = "Divider">   --->   Core 6 'Divider' <Latency = 15> <II = 1> <Delay = 4.33> <FuncUnit> <Opcode : 'udiv' 'sdiv' 'urem' 'srem'> <InPorts = 2> <OutPorts = 1>

State 12 <SV = 11> <Delay = 4.33>
ST_12 : Operation 55 [5/16] (4.33ns)   --->   "%index = sdiv i32 %zext_ln80, i32 %len_read" [src/fft2d_fixed.cpp:80->src/fft2d_fixed.cpp:152]   --->   Operation 55 'sdiv' 'index' <Predicate = true> <Delay = 4.33> <CoreInst = "Divider">   --->   Core 6 'Divider' <Latency = 15> <II = 1> <Delay = 4.33> <FuncUnit> <Opcode : 'udiv' 'sdiv' 'urem' 'srem'> <InPorts = 2> <OutPorts = 1>

State 13 <SV = 12> <Delay = 4.33>
ST_13 : Operation 56 [4/16] (4.33ns)   --->   "%index = sdiv i32 %zext_ln80, i32 %len_read" [src/fft2d_fixed.cpp:80->src/fft2d_fixed.cpp:152]   --->   Operation 56 'sdiv' 'index' <Predicate = true> <Delay = 4.33> <CoreInst = "Divider">   --->   Core 6 'Divider' <Latency = 15> <II = 1> <Delay = 4.33> <FuncUnit> <Opcode : 'udiv' 'sdiv' 'urem' 'srem'> <InPorts = 2> <OutPorts = 1>

State 14 <SV = 13> <Delay = 4.33>
ST_14 : Operation 57 [3/16] (4.33ns)   --->   "%index = sdiv i32 %zext_ln80, i32 %len_read" [src/fft2d_fixed.cpp:80->src/fft2d_fixed.cpp:152]   --->   Operation 57 'sdiv' 'index' <Predicate = true> <Delay = 4.33> <CoreInst = "Divider">   --->   Core 6 'Divider' <Latency = 15> <II = 1> <Delay = 4.33> <FuncUnit> <Opcode : 'udiv' 'sdiv' 'urem' 'srem'> <InPorts = 2> <OutPorts = 1>

State 15 <SV = 14> <Delay = 4.33>
ST_15 : Operation 58 [2/16] (4.33ns)   --->   "%index = sdiv i32 %zext_ln80, i32 %len_read" [src/fft2d_fixed.cpp:80->src/fft2d_fixed.cpp:152]   --->   Operation 58 'sdiv' 'index' <Predicate = true> <Delay = 4.33> <CoreInst = "Divider">   --->   Core 6 'Divider' <Latency = 15> <II = 1> <Delay = 4.33> <FuncUnit> <Opcode : 'udiv' 'sdiv' 'urem' 'srem'> <InPorts = 2> <OutPorts = 1>

State 16 <SV = 15> <Delay = 6.65>
ST_16 : Operation 59 [1/16] (4.33ns)   --->   "%index = sdiv i32 %zext_ln80, i32 %len_read" [src/fft2d_fixed.cpp:80->src/fft2d_fixed.cpp:152]   --->   Operation 59 'sdiv' 'index' <Predicate = true> <Delay = 4.33> <CoreInst = "Divider">   --->   Core 6 'Divider' <Latency = 15> <II = 1> <Delay = 4.33> <FuncUnit> <Opcode : 'udiv' 'sdiv' 'urem' 'srem'> <InPorts = 2> <OutPorts = 1>
ST_16 : Operation 60 [1/1] (0.00ns)   --->   "%trunc_ln81 = trunc i5 %index" [src/fft2d_fixed.cpp:81->src/fft2d_fixed.cpp:152]   --->   Operation 60 'trunc' 'trunc_ln81' <Predicate = true> <Delay = 0.00>
ST_16 : Operation 61 [1/1] (0.00ns)   --->   "%zext_ln81 = zext i5 %trunc_ln81" [src/fft2d_fixed.cpp:81->src/fft2d_fixed.cpp:152]   --->   Operation 61 'zext' 'zext_ln81' <Predicate = true> <Delay = 0.00>
ST_16 : Operation 62 [1/1] (0.00ns)   --->   "%TWIDDLE_REAL_addr = getelementptr i14 %TWIDDLE_REAL, i64 0, i64 %zext_ln81" [src/fft2d_fixed.cpp:81->src/fft2d_fixed.cpp:152]   --->   Operation 62 'getelementptr' 'TWIDDLE_REAL_addr' <Predicate = true> <Delay = 0.00>
ST_16 : Operation 63 [2/2] (2.32ns)   --->   "%w_real = load i5 %TWIDDLE_REAL_addr" [src/fft2d_fixed.cpp:81->src/fft2d_fixed.cpp:152]   --->   Operation 63 'load' 'w_real' <Predicate = true> <Delay = 2.32> <CoreInst = "ROM">   --->   Core 94 'ROM' <Latency = 1> <II = 1> <Delay = 2.32> <Storage> <Opcode : 'load'> <Ports = 0> <Width = 14> <Depth = 32> <ROM>
ST_16 : Operation 64 [1/1] (0.00ns)   --->   "%TWIDDLE_IMAG_addr = getelementptr i13 %TWIDDLE_IMAG, i64 0, i64 %zext_ln81" [src/fft2d_fixed.cpp:81->src/fft2d_fixed.cpp:152]   --->   Operation 64 'getelementptr' 'TWIDDLE_IMAG_addr' <Predicate = true> <Delay = 0.00>
ST_16 : Operation 65 [2/2] (2.32ns)   --->   "%w_imag = load i5 %TWIDDLE_IMAG_addr" [src/fft2d_fixed.cpp:81->src/fft2d_fixed.cpp:152]   --->   Operation 65 'load' 'w_imag' <Predicate = true> <Delay = 2.32> <CoreInst = "ROM">   --->   Core 94 'ROM' <Latency = 1> <II = 1> <Delay = 2.32> <Storage> <Opcode : 'load'> <Ports = 0> <Width = 13> <Depth = 32> <ROM>
ST_16 : Operation 66 [1/1] (1.82ns)   --->   "%add_ln154 = add i6 %add_ln153, i6 %tmp" [src/fft2d_fixed.cpp:154]   --->   Operation 66 'add' 'add_ln154' <Predicate = true> <Delay = 1.82> <CoreInst = "Adder">   --->   Core 1 'Adder' <Latency = 0> <II = 1> <Delay = 1.82> <FuncUnit> <Opcode : 'add' 'sub'> <InPorts = 2> <OutPorts = 1>
ST_16 : Operation 67 [1/1] (0.00ns)   --->   "%zext_ln154 = zext i6 %add_ln154" [src/fft2d_fixed.cpp:154]   --->   Operation 67 'zext' 'zext_ln154' <Predicate = true> <Delay = 0.00>
ST_16 : Operation 68 [1/1] (0.00ns)   --->   "%a_real = getelementptr i32 %data_real, i64 0, i64 %zext_ln154" [src/fft2d_fixed.cpp:154]   --->   Operation 68 'getelementptr' 'a_real' <Predicate = true> <Delay = 0.00>
ST_16 : Operation 69 [1/1] (0.00ns)   --->   "%a_imag = getelementptr i32 %data_imag, i64 0, i64 %zext_ln154" [src/fft2d_fixed.cpp:154]   --->   Operation 69 'getelementptr' 'a_imag' <Predicate = true> <Delay = 0.00>
ST_16 : Operation 70 [2/2] (3.25ns)   --->   "%a_real_load = load i6 %a_real" [src/fft2d_fixed.cpp:94->src/fft2d_fixed.cpp:154]   --->   Operation 70 'load' 'a_real_load' <Predicate = true> <Delay = 3.25> <CoreInst = "RAM">   --->   Core 81 'RAM' <Latency = 1> <II = 1> <Delay = 3.25> <Storage> <Opcode : 'load' 'store'> <Ports = 2> <Width = 32> <Depth = 64> <RAM>
ST_16 : Operation 71 [2/2] (3.25ns)   --->   "%a_imag_load = load i6 %a_imag" [src/fft2d_fixed.cpp:94->src/fft2d_fixed.cpp:154]   --->   Operation 71 'load' 'a_imag_load' <Predicate = true> <Delay = 3.25> <CoreInst = "RAM">   --->   Core 81 'RAM' <Latency = 1> <II = 1> <Delay = 3.25> <Storage> <Opcode : 'load' 'store'> <Ports = 2> <Width = 32> <Depth = 64> <RAM>
ST_16 : Operation 193 [1/1] (1.58ns)   --->   "%ret_ln0 = ret"   --->   Operation 193 'ret' 'ret_ln0' <Predicate = (!icmp_ln151)> <Delay = 1.58>

State 17 <SV = 16> <Delay = 3.25>
ST_17 : Operation 72 [1/2] ( I:2.32ns O:2.32ns )   --->   "%w_real = load i5 %TWIDDLE_REAL_addr" [src/fft2d_fixed.cpp:81->src/fft2d_fixed.cpp:152]   --->   Operation 72 'load' 'w_real' <Predicate = true> <Delay = 2.32> <CoreInst = "ROM">   --->   Core 94 'ROM' <Latency = 1> <II = 1> <Delay = 2.32> <Storage> <Opcode : 'load'> <Ports = 0> <Width = 14> <Depth = 32> <ROM>
ST_17 : Operation 73 [1/2] ( I:2.32ns O:2.32ns )   --->   "%w_imag = load i5 %TWIDDLE_IMAG_addr" [src/fft2d_fixed.cpp:81->src/fft2d_fixed.cpp:152]   --->   Operation 73 'load' 'w_imag' <Predicate = true> <Delay = 2.32> <CoreInst = "ROM">   --->   Core 94 'ROM' <Latency = 1> <II = 1> <Delay = 2.32> <Storage> <Opcode : 'load'> <Ports = 0> <Width = 13> <Depth = 32> <ROM>
ST_17 : Operation 74 [1/1] (0.00ns)   --->   "%zext_ln153 = zext i6 %add_ln153" [src/fft2d_fixed.cpp:153]   --->   Operation 74 'zext' 'zext_ln153' <Predicate = true> <Delay = 0.00>
ST_17 : Operation 75 [1/1] (0.00ns)   --->   "%data_real_addr = getelementptr i32 %data_real, i64 0, i64 %zext_ln153" [src/fft2d_fixed.cpp:153]   --->   Operation 75 'getelementptr' 'data_real_addr' <Predicate = true> <Delay = 0.00>
ST_17 : Operation 76 [1/1] (0.00ns)   --->   "%data_imag_addr = getelementptr i32 %data_imag, i64 0, i64 %zext_ln153" [src/fft2d_fixed.cpp:153]   --->   Operation 76 'getelementptr' 'data_imag_addr' <Predicate = true> <Delay = 0.00>
ST_17 : Operation 77 [2/2] (3.25ns)   --->   "%u_real = load i6 %data_real_addr" [src/fft2d_fixed.cpp:153]   --->   Operation 77 'load' 'u_real' <Predicate = true> <Delay = 3.25> <CoreInst = "RAM">   --->   Core 81 'RAM' <Latency = 1> <II = 1> <Delay = 3.25> <Storage> <Opcode : 'load' 'store'> <Ports = 2> <Width = 32> <Depth = 64> <RAM>
ST_17 : Operation 78 [2/2] (3.25ns)   --->   "%u_imag = load i6 %data_imag_addr" [src/fft2d_fixed.cpp:153]   --->   Operation 78 'load' 'u_imag' <Predicate = true> <Delay = 3.25> <CoreInst = "RAM">   --->   Core 81 'RAM' <Latency = 1> <II = 1> <Delay = 3.25> <Storage> <Opcode : 'load' 'store'> <Ports = 2> <Width = 32> <Depth = 64> <RAM>
ST_17 : Operation 79 [1/2] ( I:3.25ns O:3.25ns )   --->   "%a_real_load = load i6 %a_real" [src/fft2d_fixed.cpp:94->src/fft2d_fixed.cpp:154]   --->   Operation 79 'load' 'a_real_load' <Predicate = true> <Delay = 3.25> <CoreInst = "RAM">   --->   Core 81 'RAM' <Latency = 1> <II = 1> <Delay = 3.25> <Storage> <Opcode : 'load' 'store'> <Ports = 2> <Width = 32> <Depth = 64> <RAM>
ST_17 : Operation 80 [1/2] ( I:3.25ns O:3.25ns )   --->   "%a_imag_load = load i6 %a_imag" [src/fft2d_fixed.cpp:94->src/fft2d_fixed.cpp:154]   --->   Operation 80 'load' 'a_imag_load' <Predicate = true> <Delay = 3.25> <CoreInst = "RAM">   --->   Core 81 'RAM' <Latency = 1> <II = 1> <Delay = 3.25> <Storage> <Opcode : 'load' 'store'> <Ports = 2> <Width = 32> <Depth = 64> <RAM>

State 18 <SV = 17> <Delay = 6.91>
ST_18 : Operation 81 [1/2] ( I:3.25ns O:3.25ns )   --->   "%u_real = load i6 %data_real_addr" [src/fft2d_fixed.cpp:153]   --->   Operation 81 'load' 'u_real' <Predicate = true> <Delay = 3.25> <CoreInst = "RAM">   --->   Core 81 'RAM' <Latency = 1> <II = 1> <Delay = 3.25> <Storage> <Opcode : 'load' 'store'> <Ports = 2> <Width = 32> <Depth = 64> <RAM>
ST_18 : Operation 82 [1/2] ( I:3.25ns O:3.25ns )   --->   "%u_imag = load i6 %data_imag_addr" [src/fft2d_fixed.cpp:153]   --->   Operation 82 'load' 'u_imag' <Predicate = true> <Delay = 3.25> <CoreInst = "RAM">   --->   Core 81 'RAM' <Latency = 1> <II = 1> <Delay = 3.25> <Storage> <Opcode : 'load' 'store'> <Ports = 2> <Width = 32> <Depth = 64> <RAM>
ST_18 : Operation 83 [1/1] (0.00ns)   --->   "%sext_ln94 = sext i32 %a_real_load" [src/fft2d_fixed.cpp:94->src/fft2d_fixed.cpp:154]   --->   Operation 83 'sext' 'sext_ln94' <Predicate = true> <Delay = 0.00>
ST_18 : Operation 84 [1/1] (0.00ns)   --->   "%sext_ln95_1 = sext i14 %w_real" [src/fft2d_fixed.cpp:95->src/fft2d_fixed.cpp:154]   --->   Operation 84 'sext' 'sext_ln95_1' <Predicate = true> <Delay = 0.00>
ST_18 : Operation 85 [1/1] (0.00ns)   --->   "%sext_ln94_1 = sext i32 %a_real_load" [src/fft2d_fixed.cpp:94->src/fft2d_fixed.cpp:154]   --->   Operation 85 'sext' 'sext_ln94_1' <Predicate = true> <Delay = 0.00>
ST_18 : Operation 86 [1/1] (0.00ns)   --->   "%sext_ln95_2 = sext i32 %a_imag_load" [src/fft2d_fixed.cpp:95->src/fft2d_fixed.cpp:154]   --->   Operation 86 'sext' 'sext_ln95_2' <Predicate = true> <Delay = 0.00>
ST_18 : Operation 87 [1/1] (0.00ns)   --->   "%sext_ln94_2 = sext i32 %a_imag_load" [src/fft2d_fixed.cpp:94->src/fft2d_fixed.cpp:154]   --->   Operation 87 'sext' 'sext_ln94_2' <Predicate = true> <Delay = 0.00>
ST_18 : Operation 88 [1/1] (0.00ns)   --->   "%sext_ln94_3 = sext i13 %w_imag" [src/fft2d_fixed.cpp:94->src/fft2d_fixed.cpp:154]   --->   Operation 88 'sext' 'sext_ln94_3' <Predicate = true> <Delay = 0.00>
ST_18 : Operation 89 [2/2] (6.91ns)   --->   "%mul_ln94 = mul i45 %sext_ln94_2, i45 %sext_ln94_3" [src/fft2d_fixed.cpp:94->src/fft2d_fixed.cpp:154]   --->   Operation 89 'mul' 'mul_ln94' <Predicate = true> <Delay = 6.91> <CoreInst = "Multiplier">   --->   Core 3 'Multiplier' <Latency = 1> <II = 1> <Delay = 6.91> <FuncUnit> <Opcode : 'mul'> <InPorts = 2> <OutPorts = 1>
ST_18 : Operation 90 [2/2] (6.91ns)   --->   "%mul_ln94_1 = mul i44 %sext_ln94_1, i44 %sext_ln95_1" [src/fft2d_fixed.cpp:94->src/fft2d_fixed.cpp:154]   --->   Operation 90 'mul' 'mul_ln94_1' <Predicate = true> <Delay = 6.91> <CoreInst = "Multiplier">   --->   Core 3 'Multiplier' <Latency = 1> <II = 1> <Delay = 6.91> <FuncUnit> <Opcode : 'mul'> <InPorts = 2> <OutPorts = 1>
ST_18 : Operation 91 [2/2] (6.91ns)   --->   "%mul_ln95 = mul i45 %sext_ln94, i45 %sext_ln94_3" [src/fft2d_fixed.cpp:95->src/fft2d_fixed.cpp:154]   --->   Operation 91 'mul' 'mul_ln95' <Predicate = true> <Delay = 6.91> <CoreInst = "Multiplier">   --->   Core 3 'Multiplier' <Latency = 1> <II = 1> <Delay = 6.91> <FuncUnit> <Opcode : 'mul'> <InPorts = 2> <OutPorts = 1>
ST_18 : Operation 92 [2/2] (6.91ns)   --->   "%mul_ln95_1 = mul i44 %sext_ln95_2, i44 %sext_ln95_1" [src/fft2d_fixed.cpp:95->src/fft2d_fixed.cpp:154]   --->   Operation 92 'mul' 'mul_ln95_1' <Predicate = true> <Delay = 6.91> <CoreInst = "Multiplier">   --->   Core 3 'Multiplier' <Latency = 1> <II = 1> <Delay = 6.91> <FuncUnit> <Opcode : 'mul'> <InPorts = 2> <OutPorts = 1>

State 19 <SV = 18> <Delay = 6.91>
ST_19 : Operation 93 [1/2] (6.91ns)   --->   "%mul_ln94 = mul i45 %sext_ln94_2, i45 %sext_ln94_3" [src/fft2d_fixed.cpp:94->src/fft2d_fixed.cpp:154]   --->   Operation 93 'mul' 'mul_ln94' <Predicate = true> <Delay = 6.91> <CoreInst = "Multiplier">   --->   Core 3 'Multiplier' <Latency = 1> <II = 1> <Delay = 6.91> <FuncUnit> <Opcode : 'mul'> <InPorts = 2> <OutPorts = 1>
ST_19 : Operation 94 [1/2] (6.91ns)   --->   "%mul_ln94_1 = mul i44 %sext_ln94_1, i44 %sext_ln95_1" [src/fft2d_fixed.cpp:94->src/fft2d_fixed.cpp:154]   --->   Operation 94 'mul' 'mul_ln94_1' <Predicate = true> <Delay = 6.91> <CoreInst = "Multiplier">   --->   Core 3 'Multiplier' <Latency = 1> <II = 1> <Delay = 6.91> <FuncUnit> <Opcode : 'mul'> <InPorts = 2> <OutPorts = 1>
ST_19 : Operation 95 [1/2] (6.91ns)   --->   "%mul_ln95 = mul i45 %sext_ln94, i45 %sext_ln94_3" [src/fft2d_fixed.cpp:95->src/fft2d_fixed.cpp:154]   --->   Operation 95 'mul' 'mul_ln95' <Predicate = true> <Delay = 6.91> <CoreInst = "Multiplier">   --->   Core 3 'Multiplier' <Latency = 1> <II = 1> <Delay = 6.91> <FuncUnit> <Opcode : 'mul'> <InPorts = 2> <OutPorts = 1>
ST_19 : Operation 96 [1/2] (6.91ns)   --->   "%mul_ln95_1 = mul i44 %sext_ln95_2, i44 %sext_ln95_1" [src/fft2d_fixed.cpp:95->src/fft2d_fixed.cpp:154]   --->   Operation 96 'mul' 'mul_ln95_1' <Predicate = true> <Delay = 6.91> <CoreInst = "Multiplier">   --->   Core 3 'Multiplier' <Latency = 1> <II = 1> <Delay = 6.91> <FuncUnit> <Opcode : 'mul'> <InPorts = 2> <OutPorts = 1>

State 20 <SV = 19> <Delay = 3.01>
ST_20 : Operation 97 [1/1] (0.00ns)   --->   "%sext_ln94_4 = sext i44 %mul_ln94_1" [src/fft2d_fixed.cpp:94->src/fft2d_fixed.cpp:154]   --->   Operation 97 'sext' 'sext_ln94_4' <Predicate = true> <Delay = 0.00>
ST_20 : Operation 98 [1/1] (3.01ns)   --->   "%sub_ln94 = sub i45 %sext_ln94_4, i45 %mul_ln94" [src/fft2d_fixed.cpp:94->src/fft2d_fixed.cpp:154]   --->   Operation 98 'sub' 'sub_ln94' <Predicate = true> <Delay = 3.01> <CoreInst = "Adder">   --->   Core 1 'Adder' <Latency = 0> <II = 1> <Delay = 3.01> <FuncUnit> <Opcode : 'add' 'sub'> <InPorts = 2> <OutPorts = 1>
ST_20 : Operation 99 [1/1] (0.00ns)   --->   "%tmp_3 = bitselect i1 @_ssdm_op_BitSelect.i1.i45.i32, i45 %sub_ln94, i32 44" [src/fft2d_fixed.cpp:94->src/fft2d_fixed.cpp:154]   --->   Operation 99 'bitselect' 'tmp_3' <Predicate = true> <Delay = 0.00>
ST_20 : Operation 100 [1/1] (0.00ns)   --->   "%trunc_ln4 = partselect i32 @_ssdm_op_PartSelect.i32.i45.i32.i32, i45 %sub_ln94, i32 12, i32 43" [src/fft2d_fixed.cpp:94->src/fft2d_fixed.cpp:154]   --->   Operation 100 'partselect' 'trunc_ln4' <Predicate = true> <Delay = 0.00>
ST_20 : Operation 101 [1/1] (0.00ns)   --->   "%tmp_4 = bitselect i1 @_ssdm_op_BitSelect.i1.i45.i32, i45 %sub_ln94, i32 11" [src/fft2d_fixed.cpp:94->src/fft2d_fixed.cpp:154]   --->   Operation 101 'bitselect' 'tmp_4' <Predicate = true> <Delay = 0.00>
ST_20 : Operation 102 [1/1] (0.00ns)   --->   "%tmp_5 = bitselect i1 @_ssdm_op_BitSelect.i1.i45.i32, i45 %sub_ln94, i32 43" [src/fft2d_fixed.cpp:94->src/fft2d_fixed.cpp:154]   --->   Operation 102 'bitselect' 'tmp_5' <Predicate = true> <Delay = 0.00>
ST_20 : Operation 103 [1/1] (0.00ns)   --->   "%sext_ln95 = sext i44 %mul_ln95_1" [src/fft2d_fixed.cpp:95->src/fft2d_fixed.cpp:154]   --->   Operation 103 'sext' 'sext_ln95' <Predicate = true> <Delay = 0.00>
ST_20 : Operation 104 [1/1] (3.01ns)   --->   "%add_ln95 = add i45 %sext_ln95, i45 %mul_ln95" [src/fft2d_fixed.cpp:95->src/fft2d_fixed.cpp:154]   --->   Operation 104 'add' 'add_ln95' <Predicate = true> <Delay = 3.01> <CoreInst = "Adder">   --->   Core 1 'Adder' <Latency = 0> <II = 1> <Delay = 3.01> <FuncUnit> <Opcode : 'add' 'sub'> <InPorts = 2> <OutPorts = 1>
ST_20 : Operation 105 [1/1] (0.00ns)   --->   "%tmp_7 = bitselect i1 @_ssdm_op_BitSelect.i1.i45.i32, i45 %add_ln95, i32 44" [src/fft2d_fixed.cpp:95->src/fft2d_fixed.cpp:154]   --->   Operation 105 'bitselect' 'tmp_7' <Predicate = true> <Delay = 0.00>
ST_20 : Operation 106 [1/1] (0.00ns)   --->   "%trunc_ln5 = partselect i32 @_ssdm_op_PartSelect.i32.i45.i32.i32, i45 %add_ln95, i32 12, i32 43" [src/fft2d_fixed.cpp:95->src/fft2d_fixed.cpp:154]   --->   Operation 106 'partselect' 'trunc_ln5' <Predicate = true> <Delay = 0.00>
ST_20 : Operation 107 [1/1] (0.00ns)   --->   "%tmp_8 = bitselect i1 @_ssdm_op_BitSelect.i1.i45.i32, i45 %add_ln95, i32 11" [src/fft2d_fixed.cpp:95->src/fft2d_fixed.cpp:154]   --->   Operation 107 'bitselect' 'tmp_8' <Predicate = true> <Delay = 0.00>
ST_20 : Operation 108 [1/1] (0.00ns)   --->   "%tmp_9 = bitselect i1 @_ssdm_op_BitSelect.i1.i45.i32, i45 %add_ln95, i32 43" [src/fft2d_fixed.cpp:95->src/fft2d_fixed.cpp:154]   --->   Operation 108 'bitselect' 'tmp_9' <Predicate = true> <Delay = 0.00>

State 21 <SV = 20> <Delay = 5.20>
ST_21 : Operation 109 [1/1] (0.00ns)   --->   "%zext_ln94 = zext i1 %tmp_4" [src/fft2d_fixed.cpp:94->src/fft2d_fixed.cpp:154]   --->   Operation 109 'zext' 'zext_ln94' <Predicate = true> <Delay = 0.00>
ST_21 : Operation 110 [1/1] (2.55ns)   --->   "%add_ln94 = add i32 %trunc_ln4, i32 %zext_ln94" [src/fft2d_fixed.cpp:94->src/fft2d_fixed.cpp:154]   --->   Operation 110 'add' 'add_ln94' <Predicate = true> <Delay = 2.55> <CoreInst = "Adder">   --->   Core 1 'Adder' <Latency = 0> <II = 1> <Delay = 2.55> <FuncUnit> <Opcode : 'add' 'sub'> <InPorts = 2> <OutPorts = 1>
ST_21 : Operation 111 [1/1] (0.00ns)   --->   "%tmp_6 = bitselect i1 @_ssdm_op_BitSelect.i1.i32.i32, i32 %add_ln94, i32 31" [src/fft2d_fixed.cpp:94->src/fft2d_fixed.cpp:154]   --->   Operation 111 'bitselect' 'tmp_6' <Predicate = true> <Delay = 0.00>
ST_21 : Operation 112 [1/1] (0.00ns) (grouped into LUT with out node or_ln94_1)   --->   "%xor_ln94 = xor i1 %tmp_6, i1 1" [src/fft2d_fixed.cpp:94->src/fft2d_fixed.cpp:154]   --->   Operation 112 'xor' 'xor_ln94' <Predicate = true> <Delay = 0.00> <CoreInst = "LogicGate">   --->   Core 74 'LogicGate' <Latency = 0> <II = 1> <Delay = 0.97> <FuncUnit> <Opcode : 'and' 'or' 'xor'> <InPorts = 2> <OutPorts = 1>
ST_21 : Operation 113 [1/1] (0.00ns) (grouped into LUT with out node or_ln94_1)   --->   "%and_ln94 = and i1 %tmp_5, i1 %xor_ln94" [src/fft2d_fixed.cpp:94->src/fft2d_fixed.cpp:154]   --->   Operation 113 'and' 'and_ln94' <Predicate = true> <Delay = 0.00> <CoreInst = "LogicGate">   --->   Core 74 'LogicGate' <Latency = 0> <II = 1> <Delay = 0.97> <FuncUnit> <Opcode : 'and' 'or' 'xor'> <InPorts = 2> <OutPorts = 1>
ST_21 : Operation 114 [1/1] (0.00ns) (grouped into LUT with out node and_ln94_1)   --->   "%xor_ln94_2 = xor i1 %tmp_5, i1 1" [src/fft2d_fixed.cpp:94->src/fft2d_fixed.cpp:154]   --->   Operation 114 'xor' 'xor_ln94_2' <Predicate = true> <Delay = 0.00> <CoreInst = "LogicGate">   --->   Core 74 'LogicGate' <Latency = 0> <II = 1> <Delay = 0.97> <FuncUnit> <Opcode : 'and' 'or' 'xor'> <InPorts = 2> <OutPorts = 1>
ST_21 : Operation 115 [1/1] (0.00ns) (grouped into LUT with out node and_ln94_1)   --->   "%or_ln94_2 = or i1 %tmp_6, i1 %xor_ln94_2" [src/fft2d_fixed.cpp:94->src/fft2d_fixed.cpp:154]   --->   Operation 115 'or' 'or_ln94_2' <Predicate = true> <Delay = 0.00> <CoreInst = "LogicGate">   --->   Core 74 'LogicGate' <Latency = 0> <II = 1> <Delay = 0.97> <FuncUnit> <Opcode : 'and' 'or' 'xor'> <InPorts = 2> <OutPorts = 1>
ST_21 : Operation 116 [1/1] (0.00ns) (grouped into LUT with out node and_ln94_1)   --->   "%xor_ln94_1 = xor i1 %tmp_3, i1 1" [src/fft2d_fixed.cpp:94->src/fft2d_fixed.cpp:154]   --->   Operation 116 'xor' 'xor_ln94_1' <Predicate = true> <Delay = 0.00> <CoreInst = "LogicGate">   --->   Core 74 'LogicGate' <Latency = 0> <II = 1> <Delay = 0.97> <FuncUnit> <Opcode : 'and' 'or' 'xor'> <InPorts = 2> <OutPorts = 1>
ST_21 : Operation 117 [1/1] (0.00ns) (grouped into LUT with out node and_ln94_1)   --->   "%xor_ln94_4 = xor i1 1, i1 %tmp_3" [src/fft2d_fixed.cpp:94->src/fft2d_fixed.cpp:154]   --->   Operation 117 'xor' 'xor_ln94_4' <Predicate = true> <Delay = 0.00> <CoreInst = "LogicGate">   --->   Core 74 'LogicGate' <Latency = 0> <II = 1> <Delay = 0.97> <FuncUnit> <Opcode : 'and' 'or' 'xor'> <InPorts = 2> <OutPorts = 1>
ST_21 : Operation 118 [1/1] (0.00ns) (grouped into LUT with out node and_ln94_1)   --->   "%xor_ln94_3 = xor i1 %xor_ln94_4, i1 %or_ln94_2" [src/fft2d_fixed.cpp:94->src/fft2d_fixed.cpp:154]   --->   Operation 118 'xor' 'xor_ln94_3' <Predicate = true> <Delay = 0.00> <CoreInst = "LogicGate">   --->   Core 74 'LogicGate' <Latency = 0> <II = 1> <Delay = 0.97> <FuncUnit> <Opcode : 'and' 'or' 'xor'> <InPorts = 2> <OutPorts = 1>
ST_21 : Operation 119 [1/1] (0.00ns) (grouped into LUT with out node and_ln94_1)   --->   "%or_ln94 = or i1 %tmp_6, i1 %xor_ln94_3" [src/fft2d_fixed.cpp:94->src/fft2d_fixed.cpp:154]   --->   Operation 119 'or' 'or_ln94' <Predicate = true> <Delay = 0.00> <CoreInst = "LogicGate">   --->   Core 74 'LogicGate' <Latency = 0> <II = 1> <Delay = 0.97> <FuncUnit> <Opcode : 'and' 'or' 'xor'> <InPorts = 2> <OutPorts = 1>
ST_21 : Operation 120 [1/1] (0.97ns) (out node of the LUT)   --->   "%and_ln94_1 = and i1 %or_ln94, i1 %xor_ln94_1" [src/fft2d_fixed.cpp:94->src/fft2d_fixed.cpp:154]   --->   Operation 120 'and' 'and_ln94_1' <Predicate = true> <Delay = 0.97> <CoreInst = "LogicGate">   --->   Core 74 'LogicGate' <Latency = 0> <II = 1> <Delay = 0.97> <FuncUnit> <Opcode : 'and' 'or' 'xor'> <InPorts = 2> <OutPorts = 1>
ST_21 : Operation 121 [1/1] (0.00ns) (grouped into LUT with out node or_ln94_1)   --->   "%or_ln94_3 = or i1 %and_ln94, i1 %tmp_6" [src/fft2d_fixed.cpp:94->src/fft2d_fixed.cpp:154]   --->   Operation 121 'or' 'or_ln94_3' <Predicate = true> <Delay = 0.00> <CoreInst = "LogicGate">   --->   Core 74 'LogicGate' <Latency = 0> <II = 1> <Delay = 0.97> <FuncUnit> <Opcode : 'and' 'or' 'xor'> <InPorts = 2> <OutPorts = 1>
ST_21 : Operation 122 [1/1] (0.00ns) (grouped into LUT with out node or_ln94_1)   --->   "%xor_ln94_5 = xor i1 %or_ln94_3, i1 1" [src/fft2d_fixed.cpp:94->src/fft2d_fixed.cpp:154]   --->   Operation 122 'xor' 'xor_ln94_5' <Predicate = true> <Delay = 0.00> <CoreInst = "LogicGate">   --->   Core 74 'LogicGate' <Latency = 0> <II = 1> <Delay = 0.97> <FuncUnit> <Opcode : 'and' 'or' 'xor'> <InPorts = 2> <OutPorts = 1>
ST_21 : Operation 123 [1/1] (0.00ns) (grouped into LUT with out node or_ln94_1)   --->   "%and_ln94_2 = and i1 %tmp_3, i1 %xor_ln94_5" [src/fft2d_fixed.cpp:94->src/fft2d_fixed.cpp:154]   --->   Operation 123 'and' 'and_ln94_2' <Predicate = true> <Delay = 0.00> <CoreInst = "LogicGate">   --->   Core 74 'LogicGate' <Latency = 0> <II = 1> <Delay = 0.97> <FuncUnit> <Opcode : 'and' 'or' 'xor'> <InPorts = 2> <OutPorts = 1>
ST_21 : Operation 124 [1/1] (0.00ns) (grouped into LUT with out node v_real)   --->   "%select_ln94 = select i1 %and_ln94_1, i32 2147483647, i32 2147483648" [src/fft2d_fixed.cpp:94->src/fft2d_fixed.cpp:154]   --->   Operation 124 'select' 'select_ln94' <Predicate = true> <Delay = 0.00> <CoreInst = "Sel">   --->   Core 73 'Sel' <Latency = 0> <II = 1> <Delay = 0.80> <FuncUnit> <Opcode : 'select'> <InPorts = 3> <OutPorts = 1>
ST_21 : Operation 125 [1/1] (0.97ns) (out node of the LUT)   --->   "%or_ln94_1 = or i1 %and_ln94_1, i1 %and_ln94_2" [src/fft2d_fixed.cpp:94->src/fft2d_fixed.cpp:154]   --->   Operation 125 'or' 'or_ln94_1' <Predicate = true> <Delay = 0.97> <CoreInst = "LogicGate">   --->   Core 74 'LogicGate' <Latency = 0> <II = 1> <Delay = 0.97> <FuncUnit> <Opcode : 'and' 'or' 'xor'> <InPorts = 2> <OutPorts = 1>
ST_21 : Operation 126 [1/1] (0.69ns) (out node of the LUT)   --->   "%v_real = select i1 %or_ln94_1, i32 %select_ln94, i32 %add_ln94" [src/fft2d_fixed.cpp:94->src/fft2d_fixed.cpp:154]   --->   Operation 126 'select' 'v_real' <Predicate = true> <Delay = 0.69> <CoreInst = "Sel">   --->   Core 73 'Sel' <Latency = 0> <II = 1> <Delay = 0.69> <FuncUnit> <Opcode : 'select'> <InPorts = 3> <OutPorts = 1>
ST_21 : Operation 127 [1/1] (0.00ns)   --->   "%zext_ln95 = zext i1 %tmp_8" [src/fft2d_fixed.cpp:95->src/fft2d_fixed.cpp:154]   --->   Operation 127 'zext' 'zext_ln95' <Predicate = true> <Delay = 0.00>
ST_21 : Operation 128 [1/1] (2.55ns)   --->   "%add_ln95_1 = add i32 %trunc_ln5, i32 %zext_ln95" [src/fft2d_fixed.cpp:95->src/fft2d_fixed.cpp:154]   --->   Operation 128 'add' 'add_ln95_1' <Predicate = true> <Delay = 2.55> <CoreInst = "Adder">   --->   Core 1 'Adder' <Latency = 0> <II = 1> <Delay = 2.55> <FuncUnit> <Opcode : 'add' 'sub'> <InPorts = 2> <OutPorts = 1>
ST_21 : Operation 129 [1/1] (0.00ns)   --->   "%tmp_10 = bitselect i1 @_ssdm_op_BitSelect.i1.i32.i32, i32 %add_ln95_1, i32 31" [src/fft2d_fixed.cpp:95->src/fft2d_fixed.cpp:154]   --->   Operation 129 'bitselect' 'tmp_10' <Predicate = true> <Delay = 0.00>
ST_21 : Operation 130 [1/1] (0.00ns) (grouped into LUT with out node or_ln95_1)   --->   "%xor_ln95 = xor i1 %tmp_10, i1 1" [src/fft2d_fixed.cpp:95->src/fft2d_fixed.cpp:154]   --->   Operation 130 'xor' 'xor_ln95' <Predicate = true> <Delay = 0.00> <CoreInst = "LogicGate">   --->   Core 74 'LogicGate' <Latency = 0> <II = 1> <Delay = 0.97> <FuncUnit> <Opcode : 'and' 'or' 'xor'> <InPorts = 2> <OutPorts = 1>
ST_21 : Operation 131 [1/1] (0.00ns) (grouped into LUT with out node or_ln95_1)   --->   "%and_ln95 = and i1 %tmp_9, i1 %xor_ln95" [src/fft2d_fixed.cpp:95->src/fft2d_fixed.cpp:154]   --->   Operation 131 'and' 'and_ln95' <Predicate = true> <Delay = 0.00> <CoreInst = "LogicGate">   --->   Core 74 'LogicGate' <Latency = 0> <II = 1> <Delay = 0.97> <FuncUnit> <Opcode : 'and' 'or' 'xor'> <InPorts = 2> <OutPorts = 1>
ST_21 : Operation 132 [1/1] (0.00ns) (grouped into LUT with out node and_ln95_1)   --->   "%xor_ln95_2 = xor i1 %tmp_9, i1 1" [src/fft2d_fixed.cpp:95->src/fft2d_fixed.cpp:154]   --->   Operation 132 'xor' 'xor_ln95_2' <Predicate = true> <Delay = 0.00> <CoreInst = "LogicGate">   --->   Core 74 'LogicGate' <Latency = 0> <II = 1> <Delay = 0.97> <FuncUnit> <Opcode : 'and' 'or' 'xor'> <InPorts = 2> <OutPorts = 1>
ST_21 : Operation 133 [1/1] (0.00ns) (grouped into LUT with out node and_ln95_1)   --->   "%or_ln95_2 = or i1 %tmp_10, i1 %xor_ln95_2" [src/fft2d_fixed.cpp:95->src/fft2d_fixed.cpp:154]   --->   Operation 133 'or' 'or_ln95_2' <Predicate = true> <Delay = 0.00> <CoreInst = "LogicGate">   --->   Core 74 'LogicGate' <Latency = 0> <II = 1> <Delay = 0.97> <FuncUnit> <Opcode : 'and' 'or' 'xor'> <InPorts = 2> <OutPorts = 1>
ST_21 : Operation 134 [1/1] (0.00ns) (grouped into LUT with out node and_ln95_1)   --->   "%xor_ln95_1 = xor i1 %tmp_7, i1 1" [src/fft2d_fixed.cpp:95->src/fft2d_fixed.cpp:154]   --->   Operation 134 'xor' 'xor_ln95_1' <Predicate = true> <Delay = 0.00> <CoreInst = "LogicGate">   --->   Core 74 'LogicGate' <Latency = 0> <II = 1> <Delay = 0.97> <FuncUnit> <Opcode : 'and' 'or' 'xor'> <InPorts = 2> <OutPorts = 1>
ST_21 : Operation 135 [1/1] (0.00ns) (grouped into LUT with out node and_ln95_1)   --->   "%xor_ln95_4 = xor i1 1, i1 %tmp_7" [src/fft2d_fixed.cpp:95->src/fft2d_fixed.cpp:154]   --->   Operation 135 'xor' 'xor_ln95_4' <Predicate = true> <Delay = 0.00> <CoreInst = "LogicGate">   --->   Core 74 'LogicGate' <Latency = 0> <II = 1> <Delay = 0.97> <FuncUnit> <Opcode : 'and' 'or' 'xor'> <InPorts = 2> <OutPorts = 1>
ST_21 : Operation 136 [1/1] (0.00ns) (grouped into LUT with out node and_ln95_1)   --->   "%xor_ln95_3 = xor i1 %xor_ln95_4, i1 %or_ln95_2" [src/fft2d_fixed.cpp:95->src/fft2d_fixed.cpp:154]   --->   Operation 136 'xor' 'xor_ln95_3' <Predicate = true> <Delay = 0.00> <CoreInst = "LogicGate">   --->   Core 74 'LogicGate' <Latency = 0> <II = 1> <Delay = 0.97> <FuncUnit> <Opcode : 'and' 'or' 'xor'> <InPorts = 2> <OutPorts = 1>
ST_21 : Operation 137 [1/1] (0.00ns) (grouped into LUT with out node and_ln95_1)   --->   "%or_ln95 = or i1 %tmp_10, i1 %xor_ln95_3" [src/fft2d_fixed.cpp:95->src/fft2d_fixed.cpp:154]   --->   Operation 137 'or' 'or_ln95' <Predicate = true> <Delay = 0.00> <CoreInst = "LogicGate">   --->   Core 74 'LogicGate' <Latency = 0> <II = 1> <Delay = 0.97> <FuncUnit> <Opcode : 'and' 'or' 'xor'> <InPorts = 2> <OutPorts = 1>
ST_21 : Operation 138 [1/1] (0.97ns) (out node of the LUT)   --->   "%and_ln95_1 = and i1 %or_ln95, i1 %xor_ln95_1" [src/fft2d_fixed.cpp:95->src/fft2d_fixed.cpp:154]   --->   Operation 138 'and' 'and_ln95_1' <Predicate = true> <Delay = 0.97> <CoreInst = "LogicGate">   --->   Core 74 'LogicGate' <Latency = 0> <II = 1> <Delay = 0.97> <FuncUnit> <Opcode : 'and' 'or' 'xor'> <InPorts = 2> <OutPorts = 1>
ST_21 : Operation 139 [1/1] (0.00ns) (grouped into LUT with out node or_ln95_1)   --->   "%or_ln95_3 = or i1 %and_ln95, i1 %tmp_10" [src/fft2d_fixed.cpp:95->src/fft2d_fixed.cpp:154]   --->   Operation 139 'or' 'or_ln95_3' <Predicate = true> <Delay = 0.00> <CoreInst = "LogicGate">   --->   Core 74 'LogicGate' <Latency = 0> <II = 1> <Delay = 0.97> <FuncUnit> <Opcode : 'and' 'or' 'xor'> <InPorts = 2> <OutPorts = 1>
ST_21 : Operation 140 [1/1] (0.00ns) (grouped into LUT with out node or_ln95_1)   --->   "%xor_ln95_5 = xor i1 %or_ln95_3, i1 1" [src/fft2d_fixed.cpp:95->src/fft2d_fixed.cpp:154]   --->   Operation 140 'xor' 'xor_ln95_5' <Predicate = true> <Delay = 0.00> <CoreInst = "LogicGate">   --->   Core 74 'LogicGate' <Latency = 0> <II = 1> <Delay = 0.97> <FuncUnit> <Opcode : 'and' 'or' 'xor'> <InPorts = 2> <OutPorts = 1>
ST_21 : Operation 141 [1/1] (0.00ns) (grouped into LUT with out node or_ln95_1)   --->   "%and_ln95_2 = and i1 %tmp_7, i1 %xor_ln95_5" [src/fft2d_fixed.cpp:95->src/fft2d_fixed.cpp:154]   --->   Operation 141 'and' 'and_ln95_2' <Predicate = true> <Delay = 0.00> <CoreInst = "LogicGate">   --->   Core 74 'LogicGate' <Latency = 0> <II = 1> <Delay = 0.97> <FuncUnit> <Opcode : 'and' 'or' 'xor'> <InPorts = 2> <OutPorts = 1>
ST_21 : Operation 142 [1/1] (0.00ns) (grouped into LUT with out node v_imag)   --->   "%select_ln95 = select i1 %and_ln95_1, i32 2147483647, i32 2147483648" [src/fft2d_fixed.cpp:95->src/fft2d_fixed.cpp:154]   --->   Operation 142 'select' 'select_ln95' <Predicate = true> <Delay = 0.00> <CoreInst = "Sel">   --->   Core 73 'Sel' <Latency = 0> <II = 1> <Delay = 0.80> <FuncUnit> <Opcode : 'select'> <InPorts = 3> <OutPorts = 1>
ST_21 : Operation 143 [1/1] (0.97ns) (out node of the LUT)   --->   "%or_ln95_1 = or i1 %and_ln95_1, i1 %and_ln95_2" [src/fft2d_fixed.cpp:95->src/fft2d_fixed.cpp:154]   --->   Operation 143 'or' 'or_ln95_1' <Predicate = true> <Delay = 0.97> <CoreInst = "LogicGate">   --->   Core 74 'LogicGate' <Latency = 0> <II = 1> <Delay = 0.97> <FuncUnit> <Opcode : 'and' 'or' 'xor'> <InPorts = 2> <OutPorts = 1>
ST_21 : Operation 144 [1/1] (0.69ns) (out node of the LUT)   --->   "%v_imag = select i1 %or_ln95_1, i32 %select_ln95, i32 %add_ln95_1" [src/fft2d_fixed.cpp:95->src/fft2d_fixed.cpp:154]   --->   Operation 144 'select' 'v_imag' <Predicate = true> <Delay = 0.69> <CoreInst = "Sel">   --->   Core 73 'Sel' <Latency = 0> <II = 1> <Delay = 0.69> <FuncUnit> <Opcode : 'select'> <InPorts = 3> <OutPorts = 1>

State 22 <SV = 21> <Delay = 6.78>
ST_22 : Operation 145 [1/1] (0.00ns)   --->   "%sext_ln85 = sext i32 %u_real" [src/fft2d_fixed.cpp:85->src/fft2d_fixed.cpp:156]   --->   Operation 145 'sext' 'sext_ln85' <Predicate = true> <Delay = 0.00>
ST_22 : Operation 146 [1/1] (0.00ns)   --->   "%sext_ln85_1 = sext i32 %v_real" [src/fft2d_fixed.cpp:85->src/fft2d_fixed.cpp:156]   --->   Operation 146 'sext' 'sext_ln85_1' <Predicate = true> <Delay = 0.00>
ST_22 : Operation 147 [1/1] (2.55ns)   --->   "%add_ln85 = add i33 %sext_ln85_1, i33 %sext_ln85" [src/fft2d_fixed.cpp:85->src/fft2d_fixed.cpp:156]   --->   Operation 147 'add' 'add_ln85' <Predicate = true> <Delay = 2.55> <CoreInst = "Adder">   --->   Core 1 'Adder' <Latency = 0> <II = 1> <Delay = 2.59> <FuncUnit> <Opcode : 'add' 'sub'> <InPorts = 2> <OutPorts = 1>
ST_22 : Operation 148 [1/1] (0.00ns)   --->   "%tmp_11 = bitselect i1 @_ssdm_op_BitSelect.i1.i33.i32, i33 %add_ln85, i32 32" [src/fft2d_fixed.cpp:85->src/fft2d_fixed.cpp:156]   --->   Operation 148 'bitselect' 'tmp_11' <Predicate = true> <Delay = 0.00>
ST_22 : Operation 149 [1/1] (0.00ns) (grouped into LUT with out node select_ln85_1)   --->   "%trunc_ln85 = trunc i33 %add_ln85" [src/fft2d_fixed.cpp:85->src/fft2d_fixed.cpp:156]   --->   Operation 149 'trunc' 'trunc_ln85' <Predicate = true> <Delay = 0.00>
ST_22 : Operation 150 [1/1] (0.00ns)   --->   "%tmp_12 = bitselect i1 @_ssdm_op_BitSelect.i1.i33.i32, i33 %add_ln85, i32 31" [src/fft2d_fixed.cpp:85->src/fft2d_fixed.cpp:156]   --->   Operation 150 'bitselect' 'tmp_12' <Predicate = true> <Delay = 0.00>
ST_22 : Operation 151 [1/1] (0.00ns) (grouped into LUT with out node select_ln85_1)   --->   "%xor_ln85 = xor i1 %tmp_11, i1 1" [src/fft2d_fixed.cpp:85->src/fft2d_fixed.cpp:156]   --->   Operation 151 'xor' 'xor_ln85' <Predicate = true> <Delay = 0.00> <CoreInst = "LogicGate">   --->   Core 74 'LogicGate' <Latency = 0> <II = 1> <Delay = 0.97> <FuncUnit> <Opcode : 'and' 'or' 'xor'> <InPorts = 2> <OutPorts = 1>
ST_22 : Operation 152 [1/1] (0.00ns) (grouped into LUT with out node select_ln85_1)   --->   "%and_ln85 = and i1 %tmp_12, i1 %xor_ln85" [src/fft2d_fixed.cpp:85->src/fft2d_fixed.cpp:156]   --->   Operation 152 'and' 'and_ln85' <Predicate = true> <Delay = 0.00> <CoreInst = "LogicGate">   --->   Core 74 'LogicGate' <Latency = 0> <II = 1> <Delay = 0.97> <FuncUnit> <Opcode : 'and' 'or' 'xor'> <InPorts = 2> <OutPorts = 1>
ST_22 : Operation 153 [1/1] (0.00ns) (grouped into LUT with out node select_ln85_1)   --->   "%xor_ln85_1 = xor i1 %tmp_11, i1 %tmp_12" [src/fft2d_fixed.cpp:85->src/fft2d_fixed.cpp:156]   --->   Operation 153 'xor' 'xor_ln85_1' <Predicate = true> <Delay = 0.00> <CoreInst = "LogicGate">   --->   Core 74 'LogicGate' <Latency = 0> <II = 1> <Delay = 0.97> <FuncUnit> <Opcode : 'and' 'or' 'xor'> <InPorts = 2> <OutPorts = 1>
ST_22 : Operation 154 [1/1] (0.00ns) (grouped into LUT with out node select_ln85_1)   --->   "%select_ln85 = select i1 %and_ln85, i32 2147483647, i32 2147483648" [src/fft2d_fixed.cpp:85->src/fft2d_fixed.cpp:156]   --->   Operation 154 'select' 'select_ln85' <Predicate = true> <Delay = 0.00> <CoreInst = "Sel">   --->   Core 73 'Sel' <Latency = 0> <II = 1> <Delay = 0.80> <FuncUnit> <Opcode : 'select'> <InPorts = 3> <OutPorts = 1>
ST_22 : Operation 155 [1/1] (0.97ns) (out node of the LUT)   --->   "%select_ln85_1 = select i1 %xor_ln85_1, i32 %select_ln85, i32 %trunc_ln85" [src/fft2d_fixed.cpp:85->src/fft2d_fixed.cpp:156]   --->   Operation 155 'select' 'select_ln85_1' <Predicate = true> <Delay = 0.97> <CoreInst = "Sel">   --->   Core 73 'Sel' <Latency = 0> <II = 1> <Delay = 0.69> <FuncUnit> <Opcode : 'select'> <InPorts = 3> <OutPorts = 1>
ST_22 : Operation 156 [1/1] (0.00ns)   --->   "%sext_ln85_2 = sext i32 %u_imag" [src/fft2d_fixed.cpp:85->src/fft2d_fixed.cpp:156]   --->   Operation 156 'sext' 'sext_ln85_2' <Predicate = true> <Delay = 0.00>
ST_22 : Operation 157 [1/1] (0.00ns)   --->   "%sext_ln85_3 = sext i32 %v_imag" [src/fft2d_fixed.cpp:85->src/fft2d_fixed.cpp:156]   --->   Operation 157 'sext' 'sext_ln85_3' <Predicate = true> <Delay = 0.00>
ST_22 : Operation 158 [1/1] (2.55ns)   --->   "%add_ln85_1 = add i33 %sext_ln85_3, i33 %sext_ln85_2" [src/fft2d_fixed.cpp:85->src/fft2d_fixed.cpp:156]   --->   Operation 158 'add' 'add_ln85_1' <Predicate = true> <Delay = 2.55> <CoreInst = "Adder">   --->   Core 1 'Adder' <Latency = 0> <II = 1> <Delay = 2.59> <FuncUnit> <Opcode : 'add' 'sub'> <InPorts = 2> <OutPorts = 1>
ST_22 : Operation 159 [1/1] (0.00ns)   --->   "%tmp_13 = bitselect i1 @_ssdm_op_BitSelect.i1.i33.i32, i33 %add_ln85_1, i32 32" [src/fft2d_fixed.cpp:85->src/fft2d_fixed.cpp:156]   --->   Operation 159 'bitselect' 'tmp_13' <Predicate = true> <Delay = 0.00>
ST_22 : Operation 160 [1/1] (0.00ns) (grouped into LUT with out node select_ln85_3)   --->   "%trunc_ln85_1 = trunc i33 %add_ln85_1" [src/fft2d_fixed.cpp:85->src/fft2d_fixed.cpp:156]   --->   Operation 160 'trunc' 'trunc_ln85_1' <Predicate = true> <Delay = 0.00>
ST_22 : Operation 161 [1/1] (0.00ns)   --->   "%tmp_14 = bitselect i1 @_ssdm_op_BitSelect.i1.i33.i32, i33 %add_ln85_1, i32 31" [src/fft2d_fixed.cpp:85->src/fft2d_fixed.cpp:156]   --->   Operation 161 'bitselect' 'tmp_14' <Predicate = true> <Delay = 0.00>
ST_22 : Operation 162 [1/1] (0.00ns) (grouped into LUT with out node select_ln85_3)   --->   "%xor_ln85_2 = xor i1 %tmp_13, i1 1" [src/fft2d_fixed.cpp:85->src/fft2d_fixed.cpp:156]   --->   Operation 162 'xor' 'xor_ln85_2' <Predicate = true> <Delay = 0.00> <CoreInst = "LogicGate">   --->   Core 74 'LogicGate' <Latency = 0> <II = 1> <Delay = 0.97> <FuncUnit> <Opcode : 'and' 'or' 'xor'> <InPorts = 2> <OutPorts = 1>
ST_22 : Operation 163 [1/1] (0.00ns) (grouped into LUT with out node select_ln85_3)   --->   "%and_ln85_1 = and i1 %tmp_14, i1 %xor_ln85_2" [src/fft2d_fixed.cpp:85->src/fft2d_fixed.cpp:156]   --->   Operation 163 'and' 'and_ln85_1' <Predicate = true> <Delay = 0.00> <CoreInst = "LogicGate">   --->   Core 74 'LogicGate' <Latency = 0> <II = 1> <Delay = 0.97> <FuncUnit> <Opcode : 'and' 'or' 'xor'> <InPorts = 2> <OutPorts = 1>
ST_22 : Operation 164 [1/1] (0.00ns) (grouped into LUT with out node select_ln85_3)   --->   "%xor_ln85_3 = xor i1 %tmp_13, i1 %tmp_14" [src/fft2d_fixed.cpp:85->src/fft2d_fixed.cpp:156]   --->   Operation 164 'xor' 'xor_ln85_3' <Predicate = true> <Delay = 0.00> <CoreInst = "LogicGate">   --->   Core 74 'LogicGate' <Latency = 0> <II = 1> <Delay = 0.97> <FuncUnit> <Opcode : 'and' 'or' 'xor'> <InPorts = 2> <OutPorts = 1>
ST_22 : Operation 165 [1/1] (0.00ns) (grouped into LUT with out node select_ln85_3)   --->   "%select_ln85_2 = select i1 %and_ln85_1, i32 2147483647, i32 2147483648" [src/fft2d_fixed.cpp:85->src/fft2d_fixed.cpp:156]   --->   Operation 165 'select' 'select_ln85_2' <Predicate = true> <Delay = 0.00> <CoreInst = "Sel">   --->   Core 73 'Sel' <Latency = 0> <II = 1> <Delay = 0.80> <FuncUnit> <Opcode : 'select'> <InPorts = 3> <OutPorts = 1>
ST_22 : Operation 166 [1/1] (0.97ns) (out node of the LUT)   --->   "%select_ln85_3 = select i1 %xor_ln85_3, i32 %select_ln85_2, i32 %trunc_ln85_1" [src/fft2d_fixed.cpp:85->src/fft2d_fixed.cpp:156]   --->   Operation 166 'select' 'select_ln85_3' <Predicate = true> <Delay = 0.97> <CoreInst = "Sel">   --->   Core 73 'Sel' <Latency = 0> <II = 1> <Delay = 0.69> <FuncUnit> <Opcode : 'select'> <InPorts = 3> <OutPorts = 1>
ST_22 : Operation 167 [1/1] ( I:3.25ns O:3.25ns )   --->   "%store_ln156 = store i32 %select_ln85_1, i6 %data_real_addr" [src/fft2d_fixed.cpp:156]   --->   Operation 167 'store' 'store_ln156' <Predicate = true> <Delay = 3.25> <CoreInst = "RAM">   --->   Core 81 'RAM' <Latency = 1> <II = 1> <Delay = 3.25> <Storage> <Opcode : 'load' 'store'> <Ports = 2> <Width = 32> <Depth = 64> <RAM>
ST_22 : Operation 168 [1/1] ( I:3.25ns O:3.25ns )   --->   "%store_ln156 = store i32 %select_ln85_3, i6 %data_imag_addr" [src/fft2d_fixed.cpp:156]   --->   Operation 168 'store' 'store_ln156' <Predicate = true> <Delay = 3.25> <CoreInst = "RAM">   --->   Core 81 'RAM' <Latency = 1> <II = 1> <Delay = 3.25> <Storage> <Opcode : 'load' 'store'> <Ports = 2> <Width = 32> <Depth = 64> <RAM>
ST_22 : Operation 169 [1/1] (2.55ns)   --->   "%sub_ln89 = sub i33 %sext_ln85, i33 %sext_ln85_1" [src/fft2d_fixed.cpp:89->src/fft2d_fixed.cpp:157]   --->   Operation 169 'sub' 'sub_ln89' <Predicate = true> <Delay = 2.55> <CoreInst = "Adder">   --->   Core 1 'Adder' <Latency = 0> <II = 1> <Delay = 2.59> <FuncUnit> <Opcode : 'add' 'sub'> <InPorts = 2> <OutPorts = 1>
ST_22 : Operation 170 [1/1] (0.00ns)   --->   "%tmp_15 = bitselect i1 @_ssdm_op_BitSelect.i1.i33.i32, i33 %sub_ln89, i32 32" [src/fft2d_fixed.cpp:89->src/fft2d_fixed.cpp:157]   --->   Operation 170 'bitselect' 'tmp_15' <Predicate = true> <Delay = 0.00>
ST_22 : Operation 171 [1/1] (0.00ns) (grouped into LUT with out node select_ln89_1)   --->   "%trunc_ln89 = trunc i33 %sub_ln89" [src/fft2d_fixed.cpp:89->src/fft2d_fixed.cpp:157]   --->   Operation 171 'trunc' 'trunc_ln89' <Predicate = true> <Delay = 0.00>
ST_22 : Operation 172 [1/1] (0.00ns)   --->   "%tmp_16 = bitselect i1 @_ssdm_op_BitSelect.i1.i33.i32, i33 %sub_ln89, i32 31" [src/fft2d_fixed.cpp:89->src/fft2d_fixed.cpp:157]   --->   Operation 172 'bitselect' 'tmp_16' <Predicate = true> <Delay = 0.00>
ST_22 : Operation 173 [1/1] (0.00ns) (grouped into LUT with out node select_ln89_1)   --->   "%xor_ln89 = xor i1 %tmp_15, i1 1" [src/fft2d_fixed.cpp:89->src/fft2d_fixed.cpp:157]   --->   Operation 173 'xor' 'xor_ln89' <Predicate = true> <Delay = 0.00> <CoreInst = "LogicGate">   --->   Core 74 'LogicGate' <Latency = 0> <II = 1> <Delay = 0.97> <FuncUnit> <Opcode : 'and' 'or' 'xor'> <InPorts = 2> <OutPorts = 1>
ST_22 : Operation 174 [1/1] (0.00ns) (grouped into LUT with out node select_ln89_1)   --->   "%and_ln89 = and i1 %tmp_16, i1 %xor_ln89" [src/fft2d_fixed.cpp:89->src/fft2d_fixed.cpp:157]   --->   Operation 174 'and' 'and_ln89' <Predicate = true> <Delay = 0.00> <CoreInst = "LogicGate">   --->   Core 74 'LogicGate' <Latency = 0> <II = 1> <Delay = 0.97> <FuncUnit> <Opcode : 'and' 'or' 'xor'> <InPorts = 2> <OutPorts = 1>
ST_22 : Operation 175 [1/1] (0.00ns) (grouped into LUT with out node select_ln89_1)   --->   "%xor_ln89_1 = xor i1 %tmp_15, i1 %tmp_16" [src/fft2d_fixed.cpp:89->src/fft2d_fixed.cpp:157]   --->   Operation 175 'xor' 'xor_ln89_1' <Predicate = true> <Delay = 0.00> <CoreInst = "LogicGate">   --->   Core 74 'LogicGate' <Latency = 0> <II = 1> <Delay = 0.97> <FuncUnit> <Opcode : 'and' 'or' 'xor'> <InPorts = 2> <OutPorts = 1>
ST_22 : Operation 176 [1/1] (0.00ns) (grouped into LUT with out node select_ln89_1)   --->   "%select_ln89 = select i1 %and_ln89, i32 2147483647, i32 2147483648" [src/fft2d_fixed.cpp:89->src/fft2d_fixed.cpp:157]   --->   Operation 176 'select' 'select_ln89' <Predicate = true> <Delay = 0.00> <CoreInst = "Sel">   --->   Core 73 'Sel' <Latency = 0> <II = 1> <Delay = 0.80> <FuncUnit> <Opcode : 'select'> <InPorts = 3> <OutPorts = 1>
ST_22 : Operation 177 [1/1] (0.97ns) (out node of the LUT)   --->   "%select_ln89_1 = select i1 %xor_ln89_1, i32 %select_ln89, i32 %trunc_ln89" [src/fft2d_fixed.cpp:89->src/fft2d_fixed.cpp:157]   --->   Operation 177 'select' 'select_ln89_1' <Predicate = true> <Delay = 0.97> <CoreInst = "Sel">   --->   Core 73 'Sel' <Latency = 0> <II = 1> <Delay = 0.69> <FuncUnit> <Opcode : 'select'> <InPorts = 3> <OutPorts = 1>
ST_22 : Operation 178 [1/1] (2.55ns)   --->   "%sub_ln89_1 = sub i33 %sext_ln85_2, i33 %sext_ln85_3" [src/fft2d_fixed.cpp:89->src/fft2d_fixed.cpp:157]   --->   Operation 178 'sub' 'sub_ln89_1' <Predicate = true> <Delay = 2.55> <CoreInst = "Adder">   --->   Core 1 'Adder' <Latency = 0> <II = 1> <Delay = 2.59> <FuncUnit> <Opcode : 'add' 'sub'> <InPorts = 2> <OutPorts = 1>
ST_22 : Operation 179 [1/1] (0.00ns)   --->   "%tmp_17 = bitselect i1 @_ssdm_op_BitSelect.i1.i33.i32, i33 %sub_ln89_1, i32 32" [src/fft2d_fixed.cpp:89->src/fft2d_fixed.cpp:157]   --->   Operation 179 'bitselect' 'tmp_17' <Predicate = true> <Delay = 0.00>
ST_22 : Operation 180 [1/1] (0.00ns) (grouped into LUT with out node select_ln89_3)   --->   "%trunc_ln89_1 = trunc i33 %sub_ln89_1" [src/fft2d_fixed.cpp:89->src/fft2d_fixed.cpp:157]   --->   Operation 180 'trunc' 'trunc_ln89_1' <Predicate = true> <Delay = 0.00>
ST_22 : Operation 181 [1/1] (0.00ns)   --->   "%tmp_18 = bitselect i1 @_ssdm_op_BitSelect.i1.i33.i32, i33 %sub_ln89_1, i32 31" [src/fft2d_fixed.cpp:89->src/fft2d_fixed.cpp:157]   --->   Operation 181 'bitselect' 'tmp_18' <Predicate = true> <Delay = 0.00>
ST_22 : Operation 182 [1/1] (0.00ns) (grouped into LUT with out node select_ln89_3)   --->   "%xor_ln89_2 = xor i1 %tmp_17, i1 1" [src/fft2d_fixed.cpp:89->src/fft2d_fixed.cpp:157]   --->   Operation 182 'xor' 'xor_ln89_2' <Predicate = true> <Delay = 0.00> <CoreInst = "LogicGate">   --->   Core 74 'LogicGate' <Latency = 0> <II = 1> <Delay = 0.97> <FuncUnit> <Opcode : 'and' 'or' 'xor'> <InPorts = 2> <OutPorts = 1>
ST_22 : Operation 183 [1/1] (0.00ns) (grouped into LUT with out node select_ln89_3)   --->   "%and_ln89_1 = and i1 %tmp_18, i1 %xor_ln89_2" [src/fft2d_fixed.cpp:89->src/fft2d_fixed.cpp:157]   --->   Operation 183 'and' 'and_ln89_1' <Predicate = true> <Delay = 0.00> <CoreInst = "LogicGate">   --->   Core 74 'LogicGate' <Latency = 0> <II = 1> <Delay = 0.97> <FuncUnit> <Opcode : 'and' 'or' 'xor'> <InPorts = 2> <OutPorts = 1>
ST_22 : Operation 184 [1/1] (0.00ns) (grouped into LUT with out node select_ln89_3)   --->   "%xor_ln89_3 = xor i1 %tmp_17, i1 %tmp_18" [src/fft2d_fixed.cpp:89->src/fft2d_fixed.cpp:157]   --->   Operation 184 'xor' 'xor_ln89_3' <Predicate = true> <Delay = 0.00> <CoreInst = "LogicGate">   --->   Core 74 'LogicGate' <Latency = 0> <II = 1> <Delay = 0.97> <FuncUnit> <Opcode : 'and' 'or' 'xor'> <InPorts = 2> <OutPorts = 1>
ST_22 : Operation 185 [1/1] (0.00ns) (grouped into LUT with out node select_ln89_3)   --->   "%select_ln89_2 = select i1 %and_ln89_1, i32 2147483647, i32 2147483648" [src/fft2d_fixed.cpp:89->src/fft2d_fixed.cpp:157]   --->   Operation 185 'select' 'select_ln89_2' <Predicate = true> <Delay = 0.00> <CoreInst = "Sel">   --->   Core 73 'Sel' <Latency = 0> <II = 1> <Delay = 0.80> <FuncUnit> <Opcode : 'select'> <InPorts = 3> <OutPorts = 1>
ST_22 : Operation 186 [1/1] (0.97ns) (out node of the LUT)   --->   "%select_ln89_3 = select i1 %xor_ln89_3, i32 %select_ln89_2, i32 %trunc_ln89_1" [src/fft2d_fixed.cpp:89->src/fft2d_fixed.cpp:157]   --->   Operation 186 'select' 'select_ln89_3' <Predicate = true> <Delay = 0.97> <CoreInst = "Sel">   --->   Core 73 'Sel' <Latency = 0> <II = 1> <Delay = 0.69> <FuncUnit> <Opcode : 'select'> <InPorts = 3> <OutPorts = 1>

State 23 <SV = 22> <Delay = 3.25>
ST_23 : Operation 187 [1/1] (0.00ns)   --->   "%specpipeline_ln151 = specpipeline void @_ssdm_op_SpecPipeline, i32 4294967295, i32 0, i32 0, i32 0, i32 4294967295, void @empty" [src/fft2d_fixed.cpp:151]   --->   Operation 187 'specpipeline' 'specpipeline_ln151' <Predicate = true> <Delay = 0.00>
ST_23 : Operation 188 [1/1] (0.00ns)   --->   "%speclooptripcount_ln151 = speclooptripcount void @_ssdm_op_SpecLoopTripCount, i64 0, i64 1073741823, i64 536870911" [src/fft2d_fixed.cpp:151]   --->   Operation 188 'speclooptripcount' 'speclooptripcount_ln151' <Predicate = true> <Delay = 0.00>
ST_23 : Operation 189 [1/1] (0.00ns)   --->   "%specloopname_ln151 = specloopname void @_ssdm_op_SpecLoopName, void @empty_19" [src/fft2d_fixed.cpp:151]   --->   Operation 189 'specloopname' 'specloopname_ln151' <Predicate = true> <Delay = 0.00>
ST_23 : Operation 190 [1/1] ( I:3.25ns O:3.25ns )   --->   "%store_ln157 = store i32 %select_ln89_1, i6 %a_real" [src/fft2d_fixed.cpp:157]   --->   Operation 190 'store' 'store_ln157' <Predicate = true> <Delay = 3.25> <CoreInst = "RAM">   --->   Core 81 'RAM' <Latency = 1> <II = 1> <Delay = 3.25> <Storage> <Opcode : 'load' 'store'> <Ports = 2> <Width = 32> <Depth = 64> <RAM>
ST_23 : Operation 191 [1/1] ( I:3.25ns O:3.25ns )   --->   "%store_ln157 = store i32 %select_ln89_3, i6 %a_imag" [src/fft2d_fixed.cpp:157]   --->   Operation 191 'store' 'store_ln157' <Predicate = true> <Delay = 3.25> <CoreInst = "RAM">   --->   Core 81 'RAM' <Latency = 1> <II = 1> <Delay = 3.25> <Storage> <Opcode : 'load' 'store'> <Ports = 2> <Width = 32> <Depth = 64> <RAM>
ST_23 : Operation 192 [1/1] (0.00ns)   --->   "%br_ln151 = br void %for.inc40" [src/fft2d_fixed.cpp:151]   --->   Operation 192 'br' 'br_ln151' <Predicate = true> <Delay = 0.00>


============================================================
+ Verbose Summary: Binding
============================================================
STG Binding: 
---------------- STG Properties BEGIN ----------------
- Is combinational: 0
- Is one-state seq: 0
- Is datapath-only: 0
- Is pipelined: 0
- Is top level: 0
Port [ Return ] is wired: 1; IO mode=ap_ctrl_hs:ce=0
Port [ select_ln151]:  wired=1; compound=0; hidden=0; nouse=0; global=0; static=0; extern=0; dir=0; type=0; pingpong=0; private_global=0; IO mode=ap_none:ce=0
Port [ len]:  wired=1; compound=0; hidden=0; nouse=0; global=0; static=0; extern=0; dir=0; type=0; pingpong=0; private_global=0; IO mode=ap_none:ce=0
Port [ empty_42]:  wired=1; compound=0; hidden=0; nouse=0; global=0; static=0; extern=0; dir=0; type=0; pingpong=0; private_global=0; IO mode=ap_none:ce=0
Port [ data_real]:  wired=1; compound=1; hidden=0; nouse=0; global=0; static=0; extern=0; dir=2; type=1; pingpong=0; private_global=0; MemPort=[01]; IO mode=ap_memory:ce=0
Port [ data_imag]:  wired=1; compound=1; hidden=0; nouse=0; global=0; static=0; extern=0; dir=2; type=1; pingpong=0; private_global=0; MemPort=[01]; IO mode=ap_memory:ce=0
Port [ empty]:  wired=1; compound=0; hidden=0; nouse=0; global=0; static=0; extern=0; dir=0; type=0; pingpong=0; private_global=0; IO mode=ap_none:ce=0
Port [ TWIDDLE_REAL]:  wired=0; compound=1; hidden=1; nouse=0; global=1; static=1; extern=0; dir=0; type=1; pingpong=0; private_global=0; MemPort=[1]; IO mode=ap_memory:ce=0
Port [ TWIDDLE_IMAG]:  wired=0; compound=1; hidden=1; nouse=0; global=1; static=1; extern=0; dir=0; type=1; pingpong=0; private_global=0; MemPort=[1]; IO mode=ap_memory:ce=0
---------------- STG Properties END ------------------

---------------- Datapath Model BEGIN ----------------

<LifeTime>
<method=bitvector/>
j                       (alloca           ) [ 010000000000000000000000]
tmp                     (read             ) [ 011111111111111110000000]
tmp_2                   (read             ) [ 000000000000000000000000]
len_read                (read             ) [ 011111111111111110000000]
select_ln151_read       (read             ) [ 000000000000000000000000]
store_ln151             (store            ) [ 000000000000000000000000]
br_ln0                  (br               ) [ 000000000000000000000000]
j_1                     (load             ) [ 000000000000000000000000]
zext_ln151              (zext             ) [ 000000000000000000000000]
icmp_ln151              (icmp             ) [ 011111111111111110000000]
add_ln151               (add              ) [ 000000000000000000000000]
br_ln151                (br               ) [ 000000000000000000000000]
trunc_ln151             (trunc            ) [ 000000000000000000000000]
zext_ln151_1            (zext             ) [ 000000000000000000000000]
shl_ln                  (bitconcatenate   ) [ 000000000000000000000000]
zext_ln80               (zext             ) [ 011111111111111110000000]
add_ln153               (add              ) [ 011111111111111111000000]
store_ln151             (store            ) [ 000000000000000000000000]
index                   (sdiv             ) [ 000000000000000000000000]
trunc_ln81              (trunc            ) [ 000000000000000000000000]
zext_ln81               (zext             ) [ 000000000000000000000000]
TWIDDLE_REAL_addr       (getelementptr    ) [ 000100000000000001000000]
TWIDDLE_IMAG_addr       (getelementptr    ) [ 000100000000000001000000]
add_ln154               (add              ) [ 000000000000000000000000]
zext_ln154              (zext             ) [ 000000000000000000000000]
a_real                  (getelementptr    ) [ 011111110000000001111111]
a_imag                  (getelementptr    ) [ 011111110000000001111111]
w_real                  (load             ) [ 000010000000000000100000]
w_imag                  (load             ) [ 000010000000000000100000]
zext_ln153              (zext             ) [ 000000000000000000000000]
data_real_addr          (getelementptr    ) [ 010011110000000000111110]
data_imag_addr          (getelementptr    ) [ 010011110000000000111110]
a_real_load             (load             ) [ 000010000000000000100000]
a_imag_load             (load             ) [ 000010000000000000100000]
u_real                  (load             ) [ 010001110000000000011110]
u_imag                  (load             ) [ 010001110000000000011110]
sext_ln94               (sext             ) [ 000001000000000000010000]
sext_ln95_1             (sext             ) [ 000001000000000000010000]
sext_ln94_1             (sext             ) [ 000001000000000000010000]
sext_ln95_2             (sext             ) [ 000001000000000000010000]
sext_ln94_2             (sext             ) [ 000001000000000000010000]
sext_ln94_3             (sext             ) [ 000001000000000000010000]
mul_ln94                (mul              ) [ 000000100000000000001000]
mul_ln94_1              (mul              ) [ 000000100000000000001000]
mul_ln95                (mul              ) [ 000000100000000000001000]
mul_ln95_1              (mul              ) [ 000000100000000000001000]
sext_ln94_4             (sext             ) [ 000000000000000000000000]
sub_ln94                (sub              ) [ 000000000000000000000000]
tmp_3                   (bitselect        ) [ 000000010000000000000100]
trunc_ln4               (partselect       ) [ 000000010000000000000100]
tmp_4                   (bitselect        ) [ 000000010000000000000100]
tmp_5                   (bitselect        ) [ 000000010000000000000100]
sext_ln95               (sext             ) [ 000000000000000000000000]
add_ln95                (add              ) [ 000000000000000000000000]
tmp_7                   (bitselect        ) [ 000000010000000000000100]
trunc_ln5               (partselect       ) [ 000000010000000000000100]
tmp_8                   (bitselect        ) [ 000000010000000000000100]
tmp_9                   (bitselect        ) [ 000000010000000000000100]
zext_ln94               (zext             ) [ 000000000000000000000000]
add_ln94                (add              ) [ 000000000000000000000000]
tmp_6                   (bitselect        ) [ 000000000000000000000000]
xor_ln94                (xor              ) [ 000000000000000000000000]
and_ln94                (and              ) [ 000000000000000000000000]
xor_ln94_2              (xor              ) [ 000000000000000000000000]
or_ln94_2               (or               ) [ 000000000000000000000000]
xor_ln94_1              (xor              ) [ 000000000000000000000000]
xor_ln94_4              (xor              ) [ 000000000000000000000000]
xor_ln94_3              (xor              ) [ 000000000000000000000000]
or_ln94                 (or               ) [ 000000000000000000000000]
and_ln94_1              (and              ) [ 000000000000000000000000]
or_ln94_3               (or               ) [ 000000000000000000000000]
xor_ln94_5              (xor              ) [ 000000000000000000000000]
and_ln94_2              (and              ) [ 000000000000000000000000]
select_ln94             (select           ) [ 000000000000000000000000]
or_ln94_1               (or               ) [ 000000000000000000000000]
v_real                  (select           ) [ 010000000000000000000010]
zext_ln95               (zext             ) [ 000000000000000000000000]
add_ln95_1              (add              ) [ 000000000000000000000000]
tmp_10                  (bitselect        ) [ 000000000000000000000000]
xor_ln95                (xor              ) [ 000000000000000000000000]
and_ln95                (and              ) [ 000000000000000000000000]
xor_ln95_2              (xor              ) [ 000000000000000000000000]
or_ln95_2               (or               ) [ 000000000000000000000000]
xor_ln95_1              (xor              ) [ 000000000000000000000000]
xor_ln95_4              (xor              ) [ 000000000000000000000000]
xor_ln95_3              (xor              ) [ 000000000000000000000000]
or_ln95                 (or               ) [ 000000000000000000000000]
and_ln95_1              (and              ) [ 000000000000000000000000]
or_ln95_3               (or               ) [ 000000000000000000000000]
xor_ln95_5              (xor              ) [ 000000000000000000000000]
and_ln95_2              (and              ) [ 000000000000000000000000]
select_ln95             (select           ) [ 000000000000000000000000]
or_ln95_1               (or               ) [ 000000000000000000000000]
v_imag                  (select           ) [ 010000000000000000000010]
sext_ln85               (sext             ) [ 000000000000000000000000]
sext_ln85_1             (sext             ) [ 000000000000000000000000]
add_ln85                (add              ) [ 000000000000000000000000]
tmp_11                  (bitselect        ) [ 000000000000000000000000]
trunc_ln85              (trunc            ) [ 000000000000000000000000]
tmp_12                  (bitselect        ) [ 000000000000000000000000]
xor_ln85                (xor              ) [ 000000000000000000000000]
and_ln85                (and              ) [ 000000000000000000000000]
xor_ln85_1              (xor              ) [ 000000000000000000000000]
select_ln85             (select           ) [ 000000000000000000000000]
select_ln85_1           (select           ) [ 000000000000000000000000]
sext_ln85_2             (sext             ) [ 000000000000000000000000]
sext_ln85_3             (sext             ) [ 000000000000000000000000]
add_ln85_1              (add              ) [ 000000000000000000000000]
tmp_13                  (bitselect        ) [ 000000000000000000000000]
trunc_ln85_1            (trunc            ) [ 000000000000000000000000]
tmp_14                  (bitselect        ) [ 000000000000000000000000]
xor_ln85_2              (xor              ) [ 000000000000000000000000]
and_ln85_1              (and              ) [ 000000000000000000000000]
xor_ln85_3              (xor              ) [ 000000000000000000000000]
select_ln85_2           (select           ) [ 000000000000000000000000]
select_ln85_3           (select           ) [ 000000000000000000000000]
store_ln156             (store            ) [ 000000000000000000000000]
store_ln156             (store            ) [ 000000000000000000000000]
sub_ln89                (sub              ) [ 000000000000000000000000]
tmp_15                  (bitselect        ) [ 000000000000000000000000]
trunc_ln89              (trunc            ) [ 000000000000000000000000]
tmp_16                  (bitselect        ) [ 000000000000000000000000]
xor_ln89                (xor              ) [ 000000000000000000000000]
and_ln89                (and              ) [ 000000000000000000000000]
xor_ln89_1              (xor              ) [ 000000000000000000000000]
select_ln89             (select           ) [ 000000000000000000000000]
select_ln89_1           (select           ) [ 001000000000000000000001]
sub_ln89_1              (sub              ) [ 000000000000000000000000]
tmp_17                  (bitselect        ) [ 000000000000000000000000]
trunc_ln89_1            (trunc            ) [ 000000000000000000000000]
tmp_18                  (bitselect        ) [ 000000000000000000000000]
xor_ln89_2              (xor              ) [ 000000000000000000000000]
and_ln89_1              (and              ) [ 000000000000000000000000]
xor_ln89_3              (xor              ) [ 000000000000000000000000]
select_ln89_2           (select           ) [ 000000000000000000000000]
select_ln89_3           (select           ) [ 001000000000000000000001]
specpipeline_ln151      (specpipeline     ) [ 000000000000000000000000]
speclooptripcount_ln151 (speclooptripcount) [ 000000000000000000000000]
specloopname_ln151      (specloopname     ) [ 000000000000000000000000]
store_ln157             (store            ) [ 000000000000000000000000]
store_ln157             (store            ) [ 000000000000000000000000]
br_ln151                (br               ) [ 000000000000000000000000]
ret_ln0                 (ret              ) [ 000000000000000000000000]
</LifeTime>

<model>

<comp_list>
<comp id="0" class="1000" name="select_ln151">
<pin_list>
<pin id="1" dir="1" index="0" bw="1" slack="0"/>
</pin_list>
<bind>
<StgValue><ssdm name="select_ln151"/></StgValue>
</bind>
</comp>

<comp id="2" class="1000" name="len">
<pin_list>
<pin id="3" dir="1" index="0" bw="1" slack="0"/>
</pin_list>
<bind>
<StgValue><ssdm name="len"/></StgValue>
</bind>
</comp>

<comp id="4" class="1000" name="empty_42">
<pin_list>
<pin id="5" dir="1" index="0" bw="1" slack="0"/>
</pin_list>
<bind>
<StgValue><ssdm name="empty_42"/></StgValue>
</bind>
</comp>

<comp id="6" class="1000" name="data_real">
<pin_list>
<pin id="7" dir="1" index="0" bw="1" slack="0"/>
</pin_list>
<bind>
<StgValue><ssdm name="data_real"/><MemPortTyVec>0 1 </MemPortTyVec>
</StgValue>
</bind>
</comp>

<comp id="8" class="1000" name="data_imag">
<pin_list>
<pin id="9" dir="1" index="0" bw="1" slack="0"/>
</pin_list>
<bind>
<StgValue><ssdm name="data_imag"/><MemPortTyVec>0 1 </MemPortTyVec>
</StgValue>
</bind>
</comp>

<comp id="10" class="1000" name="empty">
<pin_list>
<pin id="11" dir="1" index="0" bw="1" slack="0"/>
</pin_list>
<bind>
<StgValue><ssdm name="empty"/></StgValue>
</bind>
</comp>

<comp id="12" class="1000" name="TWIDDLE_REAL">
<pin_list>
<pin id="13" dir="1" index="0" bw="1" slack="0"/>
</pin_list>
<bind>
<StgValue><ssdm name="TWIDDLE_REAL"/><MemPortTyVec>1 </MemPortTyVec>
</StgValue>
</bind>
</comp>

<comp id="14" class="1000" name="TWIDDLE_IMAG">
<pin_list>
<pin id="15" dir="1" index="0" bw="1" slack="0"/>
</pin_list>
<bind>
<StgValue><ssdm name="TWIDDLE_IMAG"/><MemPortTyVec>1 </MemPortTyVec>
</StgValue>
</bind>
</comp>

<comp id="16" class="1001" name="const_16">
<pin_list>
<pin id="17" dir="1" index="0" bw="1" slack="0"/>
</pin_list>
<bind>
<StgValue><ssdm name=""/></StgValue>
</bind>
</comp>

<comp id="18" class="1001" name="const_18">
<pin_list>
<pin id="19" dir="1" index="0" bw="1" slack="0"/>
</pin_list>
<bind>
<StgValue><ssdm name="_ssdm_op_Read.ap_auto.i6"/></StgValue>
</bind>
</comp>

<comp id="20" class="1001" name="const_20">
<pin_list>
<pin id="21" dir="1" index="0" bw="1" slack="0"/>
</pin_list>
<bind>
<StgValue><ssdm name="_ssdm_op_Read.ap_auto.i32"/></StgValue>
</bind>
</comp>

<comp id="22" class="1001" name="const_22">
<pin_list>
<pin id="23" dir="1" index="0" bw="1" slack="0"/>
</pin_list>
<bind>
<StgValue><ssdm name="_ssdm_op_Read.ap_auto.i31"/></StgValue>
</bind>
</comp>

<comp id="24" class="1001" name="const_24">
<pin_list>
<pin id="25" dir="1" index="0" bw="1" slack="0"/>
</pin_list>
<bind>
<StgValue><ssdm name=""/></StgValue>
</bind>
</comp>

<comp id="26" class="1001" name="const_26">
<pin_list>
<pin id="27" dir="1" index="0" bw="1" slack="0"/>
</pin_list>
<bind>
<StgValue><ssdm name=""/></StgValue>
</bind>
</comp>

<comp id="28" class="1001" name="const_28">
<pin_list>
<pin id="29" dir="1" index="0" bw="1" slack="0"/>
</pin_list>
<bind>
<StgValue><ssdm name="_ssdm_op_BitConcatenate.i11.i5.i6"/></StgValue>
</bind>
</comp>

<comp id="30" class="1001" name="const_30">
<pin_list>
<pin id="31" dir="1" index="0" bw="1" slack="0"/>
</pin_list>
<bind>
<StgValue><ssdm name=""/></StgValue>
</bind>
</comp>

<comp id="32" class="1001" name="const_32">
<pin_list>
<pin id="33" dir="1" index="0" bw="1" slack="0"/>
</pin_list>
<bind>
<StgValue><ssdm name="_ssdm_op_BitSelect.i1.i45.i32"/></StgValue>
</bind>
</comp>

<comp id="34" class="1001" name="const_34">
<pin_list>
<pin id="35" dir="1" index="0" bw="1" slack="0"/>
</pin_list>
<bind>
<StgValue><ssdm name=""/></StgValue>
</bind>
</comp>

<comp id="36" class="1001" name="const_36">
<pin_list>
<pin id="37" dir="1" index="0" bw="1" slack="0"/>
</pin_list>
<bind>
<StgValue><ssdm name="_ssdm_op_PartSelect.i32.i45.i32.i32"/></StgValue>
</bind>
</comp>

<comp id="38" class="1001" name="const_38">
<pin_list>
<pin id="39" dir="1" index="0" bw="1" slack="0"/>
</pin_list>
<bind>
<StgValue><ssdm name=""/></StgValue>
</bind>
</comp>

<comp id="40" class="1001" name="const_40">
<pin_list>
<pin id="41" dir="1" index="0" bw="1" slack="0"/>
</pin_list>
<bind>
<StgValue><ssdm name=""/></StgValue>
</bind>
</comp>

<comp id="42" class="1001" name="const_42">
<pin_list>
<pin id="43" dir="1" index="0" bw="1" slack="0"/>
</pin_list>
<bind>
<StgValue><ssdm name=""/></StgValue>
</bind>
</comp>

<comp id="44" class="1001" name="const_44">
<pin_list>
<pin id="45" dir="1" index="0" bw="1" slack="0"/>
</pin_list>
<bind>
<StgValue><ssdm name="_ssdm_op_BitSelect.i1.i32.i32"/></StgValue>
</bind>
</comp>

<comp id="46" class="1001" name="const_46">
<pin_list>
<pin id="47" dir="1" index="0" bw="1" slack="0"/>
</pin_list>
<bind>
<StgValue><ssdm name=""/></StgValue>
</bind>
</comp>

<comp id="48" class="1001" name="const_48">
<pin_list>
<pin id="49" dir="1" index="0" bw="1" slack="0"/>
</pin_list>
<bind>
<StgValue><ssdm name=""/></StgValue>
</bind>
</comp>

<comp id="50" class="1001" name="const_50">
<pin_list>
<pin id="51" dir="1" index="0" bw="1" slack="0"/>
</pin_list>
<bind>
<StgValue><ssdm name=""/></StgValue>
</bind>
</comp>

<comp id="52" class="1001" name="const_52">
<pin_list>
<pin id="53" dir="1" index="0" bw="1" slack="0"/>
</pin_list>
<bind>
<StgValue><ssdm name=""/></StgValue>
</bind>
</comp>

<comp id="54" class="1001" name="const_54">
<pin_list>
<pin id="55" dir="1" index="0" bw="1" slack="0"/>
</pin_list>
<bind>
<StgValue><ssdm name="_ssdm_op_BitSelect.i1.i33.i32"/></StgValue>
</bind>
</comp>

<comp id="56" class="1001" name="const_56">
<pin_list>
<pin id="57" dir="1" index="0" bw="1" slack="0"/>
</pin_list>
<bind>
<StgValue><ssdm name=""/></StgValue>
</bind>
</comp>

<comp id="58" class="1001" name="const_58">
<pin_list>
<pin id="59" dir="1" index="0" bw="1" slack="2147483647"/>
</pin_list>
<bind>
<StgValue><ssdm name="_ssdm_op_SpecPipeline"/></StgValue>
</bind>
</comp>

<comp id="60" class="1001" name="const_60">
<pin_list>
<pin id="61" dir="1" index="0" bw="1" slack="2147483647"/>
</pin_list>
<bind>
<StgValue><ssdm name=""/></StgValue>
</bind>
</comp>

<comp id="62" class="1001" name="const_62">
<pin_list>
<pin id="63" dir="1" index="0" bw="1" slack="2147483647"/>
</pin_list>
<bind>
<StgValue><ssdm name=""/></StgValue>
</bind>
</comp>

<comp id="64" class="1001" name="const_64">
<pin_list>
<pin id="65" dir="1" index="0" bw="1" slack="2147483647"/>
</pin_list>
<bind>
<StgValue><ssdm name="empty"/></StgValue>
</bind>
</comp>

<comp id="66" class="1001" name="const_66">
<pin_list>
<pin id="67" dir="1" index="0" bw="1" slack="2147483647"/>
</pin_list>
<bind>
<StgValue><ssdm name="_ssdm_op_SpecLoopTripCount"/></StgValue>
</bind>
</comp>

<comp id="68" class="1001" name="const_68">
<pin_list>
<pin id="69" dir="1" index="0" bw="1" slack="2147483647"/>
</pin_list>
<bind>
<StgValue><ssdm name=""/></StgValue>
</bind>
</comp>

<comp id="70" class="1001" name="const_70">
<pin_list>
<pin id="71" dir="1" index="0" bw="1" slack="2147483647"/>
</pin_list>
<bind>
<StgValue><ssdm name=""/></StgValue>
</bind>
</comp>

<comp id="72" class="1001" name="const_72">
<pin_list>
<pin id="73" dir="1" index="0" bw="1" slack="2147483647"/>
</pin_list>
<bind>
<StgValue><ssdm name="_ssdm_op_SpecLoopName"/></StgValue>
</bind>
</comp>

<comp id="74" class="1001" name="const_74">
<pin_list>
<pin id="75" dir="1" index="0" bw="1" slack="2147483647"/>
</pin_list>
<bind>
<StgValue><ssdm name="empty_19"/></StgValue>
</bind>
</comp>

<comp id="76" class="1004" name="j_fu_76">
<pin_list>
<pin id="77" dir="0" index="0" bw="1" slack="0"/>
<pin id="78" dir="1" index="1" bw="6" slack="0"/>
</pin_list>
<bind>
<opcode="alloca(26) " fcode="alloca"/>
<opset="j/1 "/>
</bind>
</comp>

<comp id="80" class="1004" name="tmp_read_fu_80">
<pin_list>
<pin id="81" dir="0" index="0" bw="6" slack="0"/>
<pin id="82" dir="0" index="1" bw="6" slack="0"/>
<pin id="83" dir="1" index="2" bw="6" slack="15"/>
</pin_list>
<bind>
<opcode="read(1150) " fcode="read"/>
<opset="tmp/1 "/>
</bind>
</comp>

<comp id="86" class="1004" name="tmp_2_read_fu_86">
<pin_list>
<pin id="87" dir="0" index="0" bw="6" slack="0"/>
<pin id="88" dir="0" index="1" bw="6" slack="0"/>
<pin id="89" dir="1" index="2" bw="6" slack="0"/>
</pin_list>
<bind>
<opcode="read(1150) " fcode="read"/>
<opset="tmp_2/1 "/>
</bind>
</comp>

<comp id="92" class="1004" name="len_read_read_fu_92">
<pin_list>
<pin id="93" dir="0" index="0" bw="32" slack="0"/>
<pin id="94" dir="0" index="1" bw="32" slack="0"/>
<pin id="95" dir="1" index="2" bw="32" slack="0"/>
</pin_list>
<bind>
<opcode="read(1150) " fcode="read"/>
<opset="len_read/1 "/>
</bind>
</comp>

<comp id="98" class="1004" name="select_ln151_read_read_fu_98">
<pin_list>
<pin id="99" dir="0" index="0" bw="31" slack="0"/>
<pin id="100" dir="0" index="1" bw="31" slack="0"/>
<pin id="101" dir="1" index="2" bw="31" slack="0"/>
</pin_list>
<bind>
<opcode="read(1150) " fcode="read"/>
<opset="select_ln151_read/1 "/>
</bind>
</comp>

<comp id="104" class="1004" name="TWIDDLE_REAL_addr_gep_fu_104">
<pin_list>
<pin id="105" dir="0" index="0" bw="14" slack="0"/>
<pin id="106" dir="0" index="1" bw="1" slack="0"/>
<pin id="107" dir="0" index="2" bw="5" slack="0"/>
<pin id="108" dir="1" index="3" bw="5" slack="0"/>
</pin_list>
<bind>
<opcode="getelementptr(29) " fcode="getelementptr"/>
<opset="TWIDDLE_REAL_addr/16 "/>
</bind>
</comp>

<comp id="111" class="1004" name="grp_access_fu_111">
<pin_list>
<pin id="112" dir="0" index="0" bw="5" slack="0"/>
<pin id="113" dir="0" index="1" bw="14" slack="2147483647"/>
<pin id="114" dir="0" index="2" bw="0" slack="2147483647"/>
<pin id="115" dir="1" index="3" bw="14" slack="1"/>
</pin_list>
<bind>
<opcode="load(27) " fcode="load"/>
<opset="w_real/16 "/>
</bind>
</comp>

<comp id="117" class="1004" name="TWIDDLE_IMAG_addr_gep_fu_117">
<pin_list>
<pin id="118" dir="0" index="0" bw="13" slack="0"/>
<pin id="119" dir="0" index="1" bw="1" slack="0"/>
<pin id="120" dir="0" index="2" bw="5" slack="0"/>
<pin id="121" dir="1" index="3" bw="5" slack="0"/>
</pin_list>
<bind>
<opcode="getelementptr(29) " fcode="getelementptr"/>
<opset="TWIDDLE_IMAG_addr/16 "/>
</bind>
</comp>

<comp id="124" class="1004" name="grp_access_fu_124">
<pin_list>
<pin id="125" dir="0" index="0" bw="5" slack="0"/>
<pin id="126" dir="0" index="1" bw="13" slack="2147483647"/>
<pin id="127" dir="0" index="2" bw="0" slack="2147483647"/>
<pin id="128" dir="1" index="3" bw="13" slack="1"/>
</pin_list>
<bind>
<opcode="load(27) " fcode="load"/>
<opset="w_imag/16 "/>
</bind>
</comp>

<comp id="130" class="1004" name="a_real_gep_fu_130">
<pin_list>
<pin id="131" dir="0" index="0" bw="32" slack="0"/>
<pin id="132" dir="0" index="1" bw="1" slack="0"/>
<pin id="133" dir="0" index="2" bw="6" slack="0"/>
<pin id="134" dir="1" index="3" bw="6" slack="0"/>
</pin_list>
<bind>
<opcode="getelementptr(29) " fcode="getelementptr"/>
<opset="a_real/16 "/>
</bind>
</comp>

<comp id="137" class="1004" name="a_imag_gep_fu_137">
<pin_list>
<pin id="138" dir="0" index="0" bw="32" slack="0"/>
<pin id="139" dir="0" index="1" bw="1" slack="0"/>
<pin id="140" dir="0" index="2" bw="6" slack="0"/>
<pin id="141" dir="1" index="3" bw="6" slack="0"/>
</pin_list>
<bind>
<opcode="getelementptr(29) " fcode="getelementptr"/>
<opset="a_imag/16 "/>
</bind>
</comp>

<comp id="144" class="1004" name="grp_access_fu_144">
<pin_list>
<pin id="145" dir="0" index="0" bw="6" slack="5"/>
<pin id="146" dir="0" index="1" bw="32" slack="0"/>
<pin id="147" dir="0" index="2" bw="0" slack="0"/>
<pin id="149" dir="0" index="4" bw="6" slack="2147483647"/>
<pin id="150" dir="0" index="5" bw="32" slack="2147483647"/>
<pin id="151" dir="0" index="6" bw="0" slack="2147483647"/>
<pin id="148" dir="1" index="3" bw="32" slack="2147483647"/>
<pin id="152" dir="1" index="7" bw="32" slack="1"/>
</pin_list>
<bind>
<opcode="load(27) store(28) " fcode="store"/>
<opset="a_real_load/16 u_real/17 store_ln156/22 store_ln157/23 "/>
</bind>
</comp>

<comp id="154" class="1004" name="grp_access_fu_154">
<pin_list>
<pin id="155" dir="0" index="0" bw="6" slack="5"/>
<pin id="156" dir="0" index="1" bw="32" slack="0"/>
<pin id="157" dir="0" index="2" bw="0" slack="0"/>
<pin id="159" dir="0" index="4" bw="6" slack="2147483647"/>
<pin id="160" dir="0" index="5" bw="32" slack="2147483647"/>
<pin id="161" dir="0" index="6" bw="0" slack="2147483647"/>
<pin id="158" dir="1" index="3" bw="32" slack="2147483647"/>
<pin id="162" dir="1" index="7" bw="32" slack="1"/>
</pin_list>
<bind>
<opcode="load(27) store(28) " fcode="store"/>
<opset="a_imag_load/16 u_imag/17 store_ln156/22 store_ln157/23 "/>
</bind>
</comp>

<comp id="164" class="1004" name="data_real_addr_gep_fu_164">
<pin_list>
<pin id="165" dir="0" index="0" bw="32" slack="0"/>
<pin id="166" dir="0" index="1" bw="1" slack="0"/>
<pin id="167" dir="0" index="2" bw="6" slack="0"/>
<pin id="168" dir="1" index="3" bw="6" slack="0"/>
</pin_list>
<bind>
<opcode="getelementptr(29) " fcode="getelementptr"/>
<opset="data_real_addr/17 "/>
</bind>
</comp>

<comp id="171" class="1004" name="data_imag_addr_gep_fu_171">
<pin_list>
<pin id="172" dir="0" index="0" bw="32" slack="0"/>
<pin id="173" dir="0" index="1" bw="1" slack="0"/>
<pin id="174" dir="0" index="2" bw="6" slack="0"/>
<pin id="175" dir="1" index="3" bw="6" slack="0"/>
</pin_list>
<bind>
<opcode="getelementptr(29) " fcode="getelementptr"/>
<opset="data_imag_addr/17 "/>
</bind>
</comp>

<comp id="180" class="1004" name="grp_fu_180">
<pin_list>
<pin id="181" dir="0" index="0" bw="32" slack="0"/>
<pin id="182" dir="0" index="1" bw="13" slack="0"/>
<pin id="183" dir="1" index="2" bw="45" slack="1"/>
</pin_list>
<bind>
<opcode="mul(12) " fcode="mul"/>
<opset="mul_ln94/18 "/>
</bind>
</comp>

<comp id="184" class="1004" name="grp_fu_184">
<pin_list>
<pin id="185" dir="0" index="0" bw="32" slack="0"/>
<pin id="186" dir="0" index="1" bw="13" slack="0"/>
<pin id="187" dir="1" index="2" bw="45" slack="1"/>
</pin_list>
<bind>
<opcode="mul(12) " fcode="mul"/>
<opset="mul_ln95/18 "/>
</bind>
</comp>

<comp id="188" class="1004" name="grp_fu_188">
<pin_list>
<pin id="189" dir="0" index="0" bw="32" slack="0"/>
<pin id="190" dir="0" index="1" bw="14" slack="0"/>
<pin id="191" dir="1" index="2" bw="44" slack="1"/>
</pin_list>
<bind>
<opcode="mul(12) " fcode="mul"/>
<opset="mul_ln94_1/18 "/>
</bind>
</comp>

<comp id="192" class="1004" name="grp_fu_192">
<pin_list>
<pin id="193" dir="0" index="0" bw="32" slack="0"/>
<pin id="194" dir="0" index="1" bw="14" slack="0"/>
<pin id="195" dir="1" index="2" bw="44" slack="1"/>
</pin_list>
<bind>
<opcode="mul(12) " fcode="mul"/>
<opset="mul_ln95_1/18 "/>
</bind>
</comp>

<comp id="196" class="1005" name="reg_196">
<pin_list>
<pin id="197" dir="0" index="0" bw="32" slack="1"/>
<pin id="198" dir="1" index="1" bw="32" slack="1"/>
</pin_list>
<bind>
<opset="a_real_load u_real "/>
</bind>
</comp>

<comp id="200" class="1005" name="reg_200">
<pin_list>
<pin id="201" dir="0" index="0" bw="32" slack="1"/>
<pin id="202" dir="1" index="1" bw="32" slack="1"/>
</pin_list>
<bind>
<opset="a_imag_load u_imag "/>
</bind>
</comp>

<comp id="204" class="1004" name="store_ln151_store_fu_204">
<pin_list>
<pin id="205" dir="0" index="0" bw="1" slack="0"/>
<pin id="206" dir="0" index="1" bw="6" slack="0"/>
<pin id="207" dir="1" index="2" bw="0" slack="2147483647"/>
</pin_list>
<bind>
<opcode="store(28) " fcode="store"/>
<opset="store_ln151/1 "/>
</bind>
</comp>

<comp id="209" class="1004" name="j_1_load_fu_209">
<pin_list>
<pin id="210" dir="0" index="0" bw="6" slack="0"/>
<pin id="211" dir="1" index="1" bw="6" slack="0"/>
</pin_list>
<bind>
<opcode="load(27) " fcode="load"/>
<opset="j_1/1 "/>
</bind>
</comp>

<comp id="212" class="1004" name="zext_ln151_fu_212">
<pin_list>
<pin id="213" dir="0" index="0" bw="6" slack="0"/>
<pin id="214" dir="1" index="1" bw="31" slack="0"/>
</pin_list>
<bind>
<opcode="zext(34) " fcode="zext"/>
<opset="zext_ln151/1 "/>
</bind>
</comp>

<comp id="216" class="1004" name="icmp_ln151_fu_216">
<pin_list>
<pin id="217" dir="0" index="0" bw="31" slack="0"/>
<pin id="218" dir="0" index="1" bw="31" slack="0"/>
<pin id="219" dir="1" index="2" bw="1" slack="1"/>
</pin_list>
<bind>
<opcode="icmp(45) " fcode="icmp"/>
<opset="icmp_ln151/1 "/>
</bind>
</comp>

<comp id="222" class="1004" name="add_ln151_fu_222">
<pin_list>
<pin id="223" dir="0" index="0" bw="6" slack="0"/>
<pin id="224" dir="0" index="1" bw="1" slack="0"/>
<pin id="225" dir="1" index="2" bw="6" slack="0"/>
</pin_list>
<bind>
<opcode="add(8) " fcode="add"/>
<opset="add_ln151/1 "/>
</bind>
</comp>

<comp id="228" class="1004" name="trunc_ln151_fu_228">
<pin_list>
<pin id="229" dir="0" index="0" bw="6" slack="0"/>
<pin id="230" dir="1" index="1" bw="5" slack="0"/>
</pin_list>
<bind>
<opcode="trunc(33) " fcode="trunc"/>
<opset="trunc_ln151/1 "/>
</bind>
</comp>

<comp id="232" class="1004" name="zext_ln151_1_fu_232">
<pin_list>
<pin id="233" dir="0" index="0" bw="5" slack="0"/>
<pin id="234" dir="1" index="1" bw="6" slack="0"/>
</pin_list>
<bind>
<opcode="zext(34) " fcode="zext"/>
<opset="zext_ln151_1/1 "/>
</bind>
</comp>

<comp id="236" class="1004" name="shl_ln_fu_236">
<pin_list>
<pin id="237" dir="0" index="0" bw="11" slack="0"/>
<pin id="238" dir="0" index="1" bw="5" slack="0"/>
<pin id="239" dir="0" index="2" bw="1" slack="0"/>
<pin id="240" dir="1" index="3" bw="11" slack="0"/>
</pin_list>
<bind>
<opcode="bitconcatenate(1004) " fcode="bitconcatenate"/>
<opset="shl_ln/1 "/>
</bind>
</comp>

<comp id="244" class="1004" name="zext_ln80_fu_244">
<pin_list>
<pin id="245" dir="0" index="0" bw="11" slack="0"/>
<pin id="246" dir="1" index="1" bw="32" slack="0"/>
</pin_list>
<bind>
<opcode="zext(34) " fcode="zext"/>
<opset="zext_ln80/1 "/>
</bind>
</comp>

<comp id="248" class="1004" name="grp_fu_248">
<pin_list>
<pin id="249" dir="0" index="0" bw="12" slack="0"/>
<pin id="250" dir="0" index="1" bw="32" slack="0"/>
<pin id="251" dir="1" index="2" bw="5" slack="0"/>
</pin_list>
<bind>
<opcode="sdiv(15) " fcode="sdiv"/>
<opset="index/1 "/>
</bind>
</comp>

<comp id="254" class="1004" name="add_ln153_fu_254">
<pin_list>
<pin id="255" dir="0" index="0" bw="5" slack="0"/>
<pin id="256" dir="0" index="1" bw="6" slack="0"/>
<pin id="257" dir="1" index="2" bw="6" slack="15"/>
</pin_list>
<bind>
<opcode="add(8) " fcode="add"/>
<opset="add_ln153/1 "/>
</bind>
</comp>

<comp id="260" class="1004" name="store_ln151_store_fu_260">
<pin_list>
<pin id="261" dir="0" index="0" bw="6" slack="0"/>
<pin id="262" dir="0" index="1" bw="6" slack="0"/>
<pin id="263" dir="1" index="2" bw="0" slack="2147483647"/>
</pin_list>
<bind>
<opcode="store(28) " fcode="store"/>
<opset="store_ln151/1 "/>
</bind>
</comp>

<comp id="265" class="1004" name="trunc_ln81_fu_265">
<pin_list>
<pin id="266" dir="0" index="0" bw="5" slack="0"/>
<pin id="267" dir="1" index="1" bw="5" slack="0"/>
</pin_list>
<bind>
<opcode="trunc(33) " fcode="trunc"/>
<opset="trunc_ln81/16 "/>
</bind>
</comp>

<comp id="269" class="1004" name="zext_ln81_fu_269">
<pin_list>
<pin id="270" dir="0" index="0" bw="5" slack="0"/>
<pin id="271" dir="1" index="1" bw="64" slack="0"/>
</pin_list>
<bind>
<opcode="zext(34) " fcode="zext"/>
<opset="zext_ln81/16 "/>
</bind>
</comp>

<comp id="275" class="1004" name="add_ln154_fu_275">
<pin_list>
<pin id="276" dir="0" index="0" bw="6" slack="15"/>
<pin id="277" dir="0" index="1" bw="6" slack="15"/>
<pin id="278" dir="1" index="2" bw="6" slack="0"/>
</pin_list>
<bind>
<opcode="add(8) " fcode="add"/>
<opset="add_ln154/16 "/>
</bind>
</comp>

<comp id="279" class="1004" name="zext_ln154_fu_279">
<pin_list>
<pin id="280" dir="0" index="0" bw="6" slack="0"/>
<pin id="281" dir="1" index="1" bw="64" slack="0"/>
</pin_list>
<bind>
<opcode="zext(34) " fcode="zext"/>
<opset="zext_ln154/16 "/>
</bind>
</comp>

<comp id="285" class="1004" name="zext_ln153_fu_285">
<pin_list>
<pin id="286" dir="0" index="0" bw="6" slack="16"/>
<pin id="287" dir="1" index="1" bw="64" slack="0"/>
</pin_list>
<bind>
<opcode="zext(34) " fcode="zext"/>
<opset="zext_ln153/17 "/>
</bind>
</comp>

<comp id="290" class="1004" name="sext_ln94_fu_290">
<pin_list>
<pin id="291" dir="0" index="0" bw="32" slack="1"/>
<pin id="292" dir="1" index="1" bw="45" slack="0"/>
</pin_list>
<bind>
<opcode="sext(35) " fcode="sext"/>
<opset="sext_ln94/18 "/>
</bind>
</comp>

<comp id="295" class="1004" name="sext_ln95_1_fu_295">
<pin_list>
<pin id="296" dir="0" index="0" bw="14" slack="1"/>
<pin id="297" dir="1" index="1" bw="44" slack="0"/>
</pin_list>
<bind>
<opcode="sext(35) " fcode="sext"/>
<opset="sext_ln95_1/18 "/>
</bind>
</comp>

<comp id="300" class="1004" name="sext_ln94_1_fu_300">
<pin_list>
<pin id="301" dir="0" index="0" bw="32" slack="1"/>
<pin id="302" dir="1" index="1" bw="44" slack="0"/>
</pin_list>
<bind>
<opcode="sext(35) " fcode="sext"/>
<opset="sext_ln94_1/18 "/>
</bind>
</comp>

<comp id="305" class="1004" name="sext_ln95_2_fu_305">
<pin_list>
<pin id="306" dir="0" index="0" bw="32" slack="1"/>
<pin id="307" dir="1" index="1" bw="44" slack="0"/>
</pin_list>
<bind>
<opcode="sext(35) " fcode="sext"/>
<opset="sext_ln95_2/18 "/>
</bind>
</comp>

<comp id="310" class="1004" name="sext_ln94_2_fu_310">
<pin_list>
<pin id="311" dir="0" index="0" bw="32" slack="1"/>
<pin id="312" dir="1" index="1" bw="45" slack="0"/>
</pin_list>
<bind>
<opcode="sext(35) " fcode="sext"/>
<opset="sext_ln94_2/18 "/>
</bind>
</comp>

<comp id="315" class="1004" name="sext_ln94_3_fu_315">
<pin_list>
<pin id="316" dir="0" index="0" bw="13" slack="1"/>
<pin id="317" dir="1" index="1" bw="45" slack="0"/>
</pin_list>
<bind>
<opcode="sext(35) " fcode="sext"/>
<opset="sext_ln94_3/18 "/>
</bind>
</comp>

<comp id="320" class="1004" name="sext_ln94_4_fu_320">
<pin_list>
<pin id="321" dir="0" index="0" bw="44" slack="1"/>
<pin id="322" dir="1" index="1" bw="45" slack="0"/>
</pin_list>
<bind>
<opcode="sext(35) " fcode="sext"/>
<opset="sext_ln94_4/20 "/>
</bind>
</comp>

<comp id="323" class="1004" name="sub_ln94_fu_323">
<pin_list>
<pin id="324" dir="0" index="0" bw="44" slack="0"/>
<pin id="325" dir="0" index="1" bw="45" slack="1"/>
<pin id="326" dir="1" index="2" bw="45" slack="0"/>
</pin_list>
<bind>
<opcode="sub(10) " fcode="sub"/>
<opset="sub_ln94/20 "/>
</bind>
</comp>

<comp id="328" class="1004" name="tmp_3_fu_328">
<pin_list>
<pin id="329" dir="0" index="0" bw="1" slack="0"/>
<pin id="330" dir="0" index="1" bw="45" slack="0"/>
<pin id="331" dir="0" index="2" bw="7" slack="0"/>
<pin id="332" dir="1" index="3" bw="1" slack="1"/>
</pin_list>
<bind>
<opcode="bitselect(1000) " fcode="bitselect"/>
<opset="tmp_3/20 "/>
</bind>
</comp>

<comp id="336" class="1004" name="trunc_ln4_fu_336">
<pin_list>
<pin id="337" dir="0" index="0" bw="32" slack="0"/>
<pin id="338" dir="0" index="1" bw="45" slack="0"/>
<pin id="339" dir="0" index="2" bw="5" slack="0"/>
<pin id="340" dir="0" index="3" bw="7" slack="0"/>
<pin id="341" dir="1" index="4" bw="32" slack="1"/>
</pin_list>
<bind>
<opcode="partselect(1002) " fcode="partselect"/>
<opset="trunc_ln4/20 "/>
</bind>
</comp>

<comp id="346" class="1004" name="tmp_4_fu_346">
<pin_list>
<pin id="347" dir="0" index="0" bw="1" slack="0"/>
<pin id="348" dir="0" index="1" bw="45" slack="0"/>
<pin id="349" dir="0" index="2" bw="5" slack="0"/>
<pin id="350" dir="1" index="3" bw="1" slack="1"/>
</pin_list>
<bind>
<opcode="bitselect(1000) " fcode="bitselect"/>
<opset="tmp_4/20 "/>
</bind>
</comp>

<comp id="354" class="1004" name="tmp_5_fu_354">
<pin_list>
<pin id="355" dir="0" index="0" bw="1" slack="0"/>
<pin id="356" dir="0" index="1" bw="45" slack="0"/>
<pin id="357" dir="0" index="2" bw="7" slack="0"/>
<pin id="358" dir="1" index="3" bw="1" slack="1"/>
</pin_list>
<bind>
<opcode="bitselect(1000) " fcode="bitselect"/>
<opset="tmp_5/20 "/>
</bind>
</comp>

<comp id="362" class="1004" name="sext_ln95_fu_362">
<pin_list>
<pin id="363" dir="0" index="0" bw="44" slack="1"/>
<pin id="364" dir="1" index="1" bw="45" slack="0"/>
</pin_list>
<bind>
<opcode="sext(35) " fcode="sext"/>
<opset="sext_ln95/20 "/>
</bind>
</comp>

<comp id="365" class="1004" name="add_ln95_fu_365">
<pin_list>
<pin id="366" dir="0" index="0" bw="44" slack="0"/>
<pin id="367" dir="0" index="1" bw="45" slack="1"/>
<pin id="368" dir="1" index="2" bw="45" slack="0"/>
</pin_list>
<bind>
<opcode="add(8) " fcode="add"/>
<opset="add_ln95/20 "/>
</bind>
</comp>

<comp id="370" class="1004" name="tmp_7_fu_370">
<pin_list>
<pin id="371" dir="0" index="0" bw="1" slack="0"/>
<pin id="372" dir="0" index="1" bw="45" slack="0"/>
<pin id="373" dir="0" index="2" bw="7" slack="0"/>
<pin id="374" dir="1" index="3" bw="1" slack="1"/>
</pin_list>
<bind>
<opcode="bitselect(1000) " fcode="bitselect"/>
<opset="tmp_7/20 "/>
</bind>
</comp>

<comp id="378" class="1004" name="trunc_ln5_fu_378">
<pin_list>
<pin id="379" dir="0" index="0" bw="32" slack="0"/>
<pin id="380" dir="0" index="1" bw="45" slack="0"/>
<pin id="381" dir="0" index="2" bw="5" slack="0"/>
<pin id="382" dir="0" index="3" bw="7" slack="0"/>
<pin id="383" dir="1" index="4" bw="32" slack="1"/>
</pin_list>
<bind>
<opcode="partselect(1002) " fcode="partselect"/>
<opset="trunc_ln5/20 "/>
</bind>
</comp>

<comp id="388" class="1004" name="tmp_8_fu_388">
<pin_list>
<pin id="389" dir="0" index="0" bw="1" slack="0"/>
<pin id="390" dir="0" index="1" bw="45" slack="0"/>
<pin id="391" dir="0" index="2" bw="5" slack="0"/>
<pin id="392" dir="1" index="3" bw="1" slack="1"/>
</pin_list>
<bind>
<opcode="bitselect(1000) " fcode="bitselect"/>
<opset="tmp_8/20 "/>
</bind>
</comp>

<comp id="396" class="1004" name="tmp_9_fu_396">
<pin_list>
<pin id="397" dir="0" index="0" bw="1" slack="0"/>
<pin id="398" dir="0" index="1" bw="45" slack="0"/>
<pin id="399" dir="0" index="2" bw="7" slack="0"/>
<pin id="400" dir="1" index="3" bw="1" slack="1"/>
</pin_list>
<bind>
<opcode="bitselect(1000) " fcode="bitselect"/>
<opset="tmp_9/20 "/>
</bind>
</comp>

<comp id="404" class="1004" name="zext_ln94_fu_404">
<pin_list>
<pin id="405" dir="0" index="0" bw="1" slack="1"/>
<pin id="406" dir="1" index="1" bw="32" slack="0"/>
</pin_list>
<bind>
<opcode="zext(34) " fcode="zext"/>
<opset="zext_ln94/21 "/>
</bind>
</comp>

<comp id="407" class="1004" name="add_ln94_fu_407">
<pin_list>
<pin id="408" dir="0" index="0" bw="32" slack="1"/>
<pin id="409" dir="0" index="1" bw="1" slack="0"/>
<pin id="410" dir="1" index="2" bw="32" slack="0"/>
</pin_list>
<bind>
<opcode="add(8) " fcode="add"/>
<opset="add_ln94/21 "/>
</bind>
</comp>

<comp id="412" class="1004" name="tmp_6_fu_412">
<pin_list>
<pin id="413" dir="0" index="0" bw="1" slack="0"/>
<pin id="414" dir="0" index="1" bw="32" slack="0"/>
<pin id="415" dir="0" index="2" bw="6" slack="0"/>
<pin id="416" dir="1" index="3" bw="1" slack="0"/>
</pin_list>
<bind>
<opcode="bitselect(1000) " fcode="bitselect"/>
<opset="tmp_6/21 "/>
</bind>
</comp>

<comp id="420" class="1004" name="xor_ln94_fu_420">
<pin_list>
<pin id="421" dir="0" index="0" bw="1" slack="0"/>
<pin id="422" dir="0" index="1" bw="1" slack="0"/>
<pin id="423" dir="1" index="2" bw="1" slack="0"/>
</pin_list>
<bind>
<opcode="xor(25) " fcode="xor"/>
<opset="xor_ln94/21 "/>
</bind>
</comp>

<comp id="426" class="1004" name="and_ln94_fu_426">
<pin_list>
<pin id="427" dir="0" index="0" bw="1" slack="1"/>
<pin id="428" dir="0" index="1" bw="1" slack="0"/>
<pin id="429" dir="1" index="2" bw="1" slack="0"/>
</pin_list>
<bind>
<opcode="and(23) " fcode="and"/>
<opset="and_ln94/21 "/>
</bind>
</comp>

<comp id="431" class="1004" name="xor_ln94_2_fu_431">
<pin_list>
<pin id="432" dir="0" index="0" bw="1" slack="1"/>
<pin id="433" dir="0" index="1" bw="1" slack="0"/>
<pin id="434" dir="1" index="2" bw="1" slack="0"/>
</pin_list>
<bind>
<opcode="xor(25) " fcode="xor"/>
<opset="xor_ln94_2/21 "/>
</bind>
</comp>

<comp id="436" class="1004" name="or_ln94_2_fu_436">
<pin_list>
<pin id="437" dir="0" index="0" bw="1" slack="0"/>
<pin id="438" dir="0" index="1" bw="1" slack="0"/>
<pin id="439" dir="1" index="2" bw="1" slack="0"/>
</pin_list>
<bind>
<opcode="or(24) " fcode="or"/>
<opset="or_ln94_2/21 "/>
</bind>
</comp>

<comp id="442" class="1004" name="xor_ln94_1_fu_442">
<pin_list>
<pin id="443" dir="0" index="0" bw="1" slack="1"/>
<pin id="444" dir="0" index="1" bw="1" slack="0"/>
<pin id="445" dir="1" index="2" bw="1" slack="0"/>
</pin_list>
<bind>
<opcode="xor(25) " fcode="xor"/>
<opset="xor_ln94_1/21 "/>
</bind>
</comp>

<comp id="447" class="1004" name="xor_ln94_4_fu_447">
<pin_list>
<pin id="448" dir="0" index="0" bw="1" slack="0"/>
<pin id="449" dir="0" index="1" bw="1" slack="1"/>
<pin id="450" dir="1" index="2" bw="1" slack="0"/>
</pin_list>
<bind>
<opcode="xor(25) " fcode="xor"/>
<opset="xor_ln94_4/21 "/>
</bind>
</comp>

<comp id="452" class="1004" name="xor_ln94_3_fu_452">
<pin_list>
<pin id="453" dir="0" index="0" bw="1" slack="0"/>
<pin id="454" dir="0" index="1" bw="1" slack="0"/>
<pin id="455" dir="1" index="2" bw="1" slack="0"/>
</pin_list>
<bind>
<opcode="xor(25) " fcode="xor"/>
<opset="xor_ln94_3/21 "/>
</bind>
</comp>

<comp id="458" class="1004" name="or_ln94_fu_458">
<pin_list>
<pin id="459" dir="0" index="0" bw="1" slack="0"/>
<pin id="460" dir="0" index="1" bw="1" slack="0"/>
<pin id="461" dir="1" index="2" bw="1" slack="0"/>
</pin_list>
<bind>
<opcode="or(24) " fcode="or"/>
<opset="or_ln94/21 "/>
</bind>
</comp>

<comp id="464" class="1004" name="and_ln94_1_fu_464">
<pin_list>
<pin id="465" dir="0" index="0" bw="1" slack="0"/>
<pin id="466" dir="0" index="1" bw="1" slack="0"/>
<pin id="467" dir="1" index="2" bw="1" slack="0"/>
</pin_list>
<bind>
<opcode="and(23) " fcode="and"/>
<opset="and_ln94_1/21 "/>
</bind>
</comp>

<comp id="470" class="1004" name="or_ln94_3_fu_470">
<pin_list>
<pin id="471" dir="0" index="0" bw="1" slack="0"/>
<pin id="472" dir="0" index="1" bw="1" slack="0"/>
<pin id="473" dir="1" index="2" bw="1" slack="0"/>
</pin_list>
<bind>
<opcode="or(24) " fcode="or"/>
<opset="or_ln94_3/21 "/>
</bind>
</comp>

<comp id="476" class="1004" name="xor_ln94_5_fu_476">
<pin_list>
<pin id="477" dir="0" index="0" bw="1" slack="0"/>
<pin id="478" dir="0" index="1" bw="1" slack="0"/>
<pin id="479" dir="1" index="2" bw="1" slack="0"/>
</pin_list>
<bind>
<opcode="xor(25) " fcode="xor"/>
<opset="xor_ln94_5/21 "/>
</bind>
</comp>

<comp id="482" class="1004" name="and_ln94_2_fu_482">
<pin_list>
<pin id="483" dir="0" index="0" bw="1" slack="1"/>
<pin id="484" dir="0" index="1" bw="1" slack="0"/>
<pin id="485" dir="1" index="2" bw="1" slack="0"/>
</pin_list>
<bind>
<opcode="and(23) " fcode="and"/>
<opset="and_ln94_2/21 "/>
</bind>
</comp>

<comp id="487" class="1004" name="select_ln94_fu_487">
<pin_list>
<pin id="488" dir="0" index="0" bw="1" slack="0"/>
<pin id="489" dir="0" index="1" bw="32" slack="0"/>
<pin id="490" dir="0" index="2" bw="32" slack="0"/>
<pin id="491" dir="1" index="3" bw="32" slack="0"/>
</pin_list>
<bind>
<opcode="select(49) " fcode="select"/>
<opset="select_ln94/21 "/>
</bind>
</comp>

<comp id="495" class="1004" name="or_ln94_1_fu_495">
<pin_list>
<pin id="496" dir="0" index="0" bw="1" slack="0"/>
<pin id="497" dir="0" index="1" bw="1" slack="0"/>
<pin id="498" dir="1" index="2" bw="1" slack="0"/>
</pin_list>
<bind>
<opcode="or(24) " fcode="or"/>
<opset="or_ln94_1/21 "/>
</bind>
</comp>

<comp id="501" class="1004" name="v_real_fu_501">
<pin_list>
<pin id="502" dir="0" index="0" bw="1" slack="0"/>
<pin id="503" dir="0" index="1" bw="32" slack="0"/>
<pin id="504" dir="0" index="2" bw="32" slack="0"/>
<pin id="505" dir="1" index="3" bw="32" slack="1"/>
</pin_list>
<bind>
<opcode="select(49) " fcode="select"/>
<opset="v_real/21 "/>
</bind>
</comp>

<comp id="509" class="1004" name="zext_ln95_fu_509">
<pin_list>
<pin id="510" dir="0" index="0" bw="1" slack="1"/>
<pin id="511" dir="1" index="1" bw="32" slack="0"/>
</pin_list>
<bind>
<opcode="zext(34) " fcode="zext"/>
<opset="zext_ln95/21 "/>
</bind>
</comp>

<comp id="512" class="1004" name="add_ln95_1_fu_512">
<pin_list>
<pin id="513" dir="0" index="0" bw="32" slack="1"/>
<pin id="514" dir="0" index="1" bw="1" slack="0"/>
<pin id="515" dir="1" index="2" bw="32" slack="0"/>
</pin_list>
<bind>
<opcode="add(8) " fcode="add"/>
<opset="add_ln95_1/21 "/>
</bind>
</comp>

<comp id="517" class="1004" name="tmp_10_fu_517">
<pin_list>
<pin id="518" dir="0" index="0" bw="1" slack="0"/>
<pin id="519" dir="0" index="1" bw="32" slack="0"/>
<pin id="520" dir="0" index="2" bw="6" slack="0"/>
<pin id="521" dir="1" index="3" bw="1" slack="0"/>
</pin_list>
<bind>
<opcode="bitselect(1000) " fcode="bitselect"/>
<opset="tmp_10/21 "/>
</bind>
</comp>

<comp id="525" class="1004" name="xor_ln95_fu_525">
<pin_list>
<pin id="526" dir="0" index="0" bw="1" slack="0"/>
<pin id="527" dir="0" index="1" bw="1" slack="0"/>
<pin id="528" dir="1" index="2" bw="1" slack="0"/>
</pin_list>
<bind>
<opcode="xor(25) " fcode="xor"/>
<opset="xor_ln95/21 "/>
</bind>
</comp>

<comp id="531" class="1004" name="and_ln95_fu_531">
<pin_list>
<pin id="532" dir="0" index="0" bw="1" slack="1"/>
<pin id="533" dir="0" index="1" bw="1" slack="0"/>
<pin id="534" dir="1" index="2" bw="1" slack="0"/>
</pin_list>
<bind>
<opcode="and(23) " fcode="and"/>
<opset="and_ln95/21 "/>
</bind>
</comp>

<comp id="536" class="1004" name="xor_ln95_2_fu_536">
<pin_list>
<pin id="537" dir="0" index="0" bw="1" slack="1"/>
<pin id="538" dir="0" index="1" bw="1" slack="0"/>
<pin id="539" dir="1" index="2" bw="1" slack="0"/>
</pin_list>
<bind>
<opcode="xor(25) " fcode="xor"/>
<opset="xor_ln95_2/21 "/>
</bind>
</comp>

<comp id="541" class="1004" name="or_ln95_2_fu_541">
<pin_list>
<pin id="542" dir="0" index="0" bw="1" slack="0"/>
<pin id="543" dir="0" index="1" bw="1" slack="0"/>
<pin id="544" dir="1" index="2" bw="1" slack="0"/>
</pin_list>
<bind>
<opcode="or(24) " fcode="or"/>
<opset="or_ln95_2/21 "/>
</bind>
</comp>

<comp id="547" class="1004" name="xor_ln95_1_fu_547">
<pin_list>
<pin id="548" dir="0" index="0" bw="1" slack="1"/>
<pin id="549" dir="0" index="1" bw="1" slack="0"/>
<pin id="550" dir="1" index="2" bw="1" slack="0"/>
</pin_list>
<bind>
<opcode="xor(25) " fcode="xor"/>
<opset="xor_ln95_1/21 "/>
</bind>
</comp>

<comp id="552" class="1004" name="xor_ln95_4_fu_552">
<pin_list>
<pin id="553" dir="0" index="0" bw="1" slack="0"/>
<pin id="554" dir="0" index="1" bw="1" slack="1"/>
<pin id="555" dir="1" index="2" bw="1" slack="0"/>
</pin_list>
<bind>
<opcode="xor(25) " fcode="xor"/>
<opset="xor_ln95_4/21 "/>
</bind>
</comp>

<comp id="557" class="1004" name="xor_ln95_3_fu_557">
<pin_list>
<pin id="558" dir="0" index="0" bw="1" slack="0"/>
<pin id="559" dir="0" index="1" bw="1" slack="0"/>
<pin id="560" dir="1" index="2" bw="1" slack="0"/>
</pin_list>
<bind>
<opcode="xor(25) " fcode="xor"/>
<opset="xor_ln95_3/21 "/>
</bind>
</comp>

<comp id="563" class="1004" name="or_ln95_fu_563">
<pin_list>
<pin id="564" dir="0" index="0" bw="1" slack="0"/>
<pin id="565" dir="0" index="1" bw="1" slack="0"/>
<pin id="566" dir="1" index="2" bw="1" slack="0"/>
</pin_list>
<bind>
<opcode="or(24) " fcode="or"/>
<opset="or_ln95/21 "/>
</bind>
</comp>

<comp id="569" class="1004" name="and_ln95_1_fu_569">
<pin_list>
<pin id="570" dir="0" index="0" bw="1" slack="0"/>
<pin id="571" dir="0" index="1" bw="1" slack="0"/>
<pin id="572" dir="1" index="2" bw="1" slack="0"/>
</pin_list>
<bind>
<opcode="and(23) " fcode="and"/>
<opset="and_ln95_1/21 "/>
</bind>
</comp>

<comp id="575" class="1004" name="or_ln95_3_fu_575">
<pin_list>
<pin id="576" dir="0" index="0" bw="1" slack="0"/>
<pin id="577" dir="0" index="1" bw="1" slack="0"/>
<pin id="578" dir="1" index="2" bw="1" slack="0"/>
</pin_list>
<bind>
<opcode="or(24) " fcode="or"/>
<opset="or_ln95_3/21 "/>
</bind>
</comp>

<comp id="581" class="1004" name="xor_ln95_5_fu_581">
<pin_list>
<pin id="582" dir="0" index="0" bw="1" slack="0"/>
<pin id="583" dir="0" index="1" bw="1" slack="0"/>
<pin id="584" dir="1" index="2" bw="1" slack="0"/>
</pin_list>
<bind>
<opcode="xor(25) " fcode="xor"/>
<opset="xor_ln95_5/21 "/>
</bind>
</comp>

<comp id="587" class="1004" name="and_ln95_2_fu_587">
<pin_list>
<pin id="588" dir="0" index="0" bw="1" slack="1"/>
<pin id="589" dir="0" index="1" bw="1" slack="0"/>
<pin id="590" dir="1" index="2" bw="1" slack="0"/>
</pin_list>
<bind>
<opcode="and(23) " fcode="and"/>
<opset="and_ln95_2/21 "/>
</bind>
</comp>

<comp id="592" class="1004" name="select_ln95_fu_592">
<pin_list>
<pin id="593" dir="0" index="0" bw="1" slack="0"/>
<pin id="594" dir="0" index="1" bw="32" slack="0"/>
<pin id="595" dir="0" index="2" bw="32" slack="0"/>
<pin id="596" dir="1" index="3" bw="32" slack="0"/>
</pin_list>
<bind>
<opcode="select(49) " fcode="select"/>
<opset="select_ln95/21 "/>
</bind>
</comp>

<comp id="600" class="1004" name="or_ln95_1_fu_600">
<pin_list>
<pin id="601" dir="0" index="0" bw="1" slack="0"/>
<pin id="602" dir="0" index="1" bw="1" slack="0"/>
<pin id="603" dir="1" index="2" bw="1" slack="0"/>
</pin_list>
<bind>
<opcode="or(24) " fcode="or"/>
<opset="or_ln95_1/21 "/>
</bind>
</comp>

<comp id="606" class="1004" name="v_imag_fu_606">
<pin_list>
<pin id="607" dir="0" index="0" bw="1" slack="0"/>
<pin id="608" dir="0" index="1" bw="32" slack="0"/>
<pin id="609" dir="0" index="2" bw="32" slack="0"/>
<pin id="610" dir="1" index="3" bw="32" slack="1"/>
</pin_list>
<bind>
<opcode="select(49) " fcode="select"/>
<opset="v_imag/21 "/>
</bind>
</comp>

<comp id="614" class="1004" name="sext_ln85_fu_614">
<pin_list>
<pin id="615" dir="0" index="0" bw="32" slack="4"/>
<pin id="616" dir="1" index="1" bw="33" slack="0"/>
</pin_list>
<bind>
<opcode="sext(35) " fcode="sext"/>
<opset="sext_ln85/22 "/>
</bind>
</comp>

<comp id="618" class="1004" name="sext_ln85_1_fu_618">
<pin_list>
<pin id="619" dir="0" index="0" bw="32" slack="1"/>
<pin id="620" dir="1" index="1" bw="33" slack="0"/>
</pin_list>
<bind>
<opcode="sext(35) " fcode="sext"/>
<opset="sext_ln85_1/22 "/>
</bind>
</comp>

<comp id="621" class="1004" name="add_ln85_fu_621">
<pin_list>
<pin id="622" dir="0" index="0" bw="32" slack="0"/>
<pin id="623" dir="0" index="1" bw="32" slack="0"/>
<pin id="624" dir="1" index="2" bw="33" slack="0"/>
</pin_list>
<bind>
<opcode="add(8) " fcode="add"/>
<opset="add_ln85/22 "/>
</bind>
</comp>

<comp id="627" class="1004" name="tmp_11_fu_627">
<pin_list>
<pin id="628" dir="0" index="0" bw="1" slack="0"/>
<pin id="629" dir="0" index="1" bw="33" slack="0"/>
<pin id="630" dir="0" index="2" bw="7" slack="0"/>
<pin id="631" dir="1" index="3" bw="1" slack="0"/>
</pin_list>
<bind>
<opcode="bitselect(1000) " fcode="bitselect"/>
<opset="tmp_11/22 "/>
</bind>
</comp>

<comp id="635" class="1004" name="trunc_ln85_fu_635">
<pin_list>
<pin id="636" dir="0" index="0" bw="33" slack="0"/>
<pin id="637" dir="1" index="1" bw="32" slack="0"/>
</pin_list>
<bind>
<opcode="trunc(33) " fcode="trunc"/>
<opset="trunc_ln85/22 "/>
</bind>
</comp>

<comp id="639" class="1004" name="tmp_12_fu_639">
<pin_list>
<pin id="640" dir="0" index="0" bw="1" slack="0"/>
<pin id="641" dir="0" index="1" bw="33" slack="0"/>
<pin id="642" dir="0" index="2" bw="6" slack="0"/>
<pin id="643" dir="1" index="3" bw="1" slack="0"/>
</pin_list>
<bind>
<opcode="bitselect(1000) " fcode="bitselect"/>
<opset="tmp_12/22 "/>
</bind>
</comp>

<comp id="647" class="1004" name="xor_ln85_fu_647">
<pin_list>
<pin id="648" dir="0" index="0" bw="1" slack="0"/>
<pin id="649" dir="0" index="1" bw="1" slack="0"/>
<pin id="650" dir="1" index="2" bw="1" slack="0"/>
</pin_list>
<bind>
<opcode="xor(25) " fcode="xor"/>
<opset="xor_ln85/22 "/>
</bind>
</comp>

<comp id="653" class="1004" name="and_ln85_fu_653">
<pin_list>
<pin id="654" dir="0" index="0" bw="1" slack="0"/>
<pin id="655" dir="0" index="1" bw="1" slack="0"/>
<pin id="656" dir="1" index="2" bw="1" slack="0"/>
</pin_list>
<bind>
<opcode="and(23) " fcode="and"/>
<opset="and_ln85/22 "/>
</bind>
</comp>

<comp id="659" class="1004" name="xor_ln85_1_fu_659">
<pin_list>
<pin id="660" dir="0" index="0" bw="1" slack="0"/>
<pin id="661" dir="0" index="1" bw="1" slack="0"/>
<pin id="662" dir="1" index="2" bw="1" slack="0"/>
</pin_list>
<bind>
<opcode="xor(25) " fcode="xor"/>
<opset="xor_ln85_1/22 "/>
</bind>
</comp>

<comp id="665" class="1004" name="select_ln85_fu_665">
<pin_list>
<pin id="666" dir="0" index="0" bw="1" slack="0"/>
<pin id="667" dir="0" index="1" bw="32" slack="0"/>
<pin id="668" dir="0" index="2" bw="32" slack="0"/>
<pin id="669" dir="1" index="3" bw="32" slack="0"/>
</pin_list>
<bind>
<opcode="select(49) " fcode="select"/>
<opset="select_ln85/22 "/>
</bind>
</comp>

<comp id="673" class="1004" name="select_ln85_1_fu_673">
<pin_list>
<pin id="674" dir="0" index="0" bw="1" slack="0"/>
<pin id="675" dir="0" index="1" bw="32" slack="0"/>
<pin id="676" dir="0" index="2" bw="32" slack="0"/>
<pin id="677" dir="1" index="3" bw="32" slack="0"/>
</pin_list>
<bind>
<opcode="select(49) " fcode="select"/>
<opset="select_ln85_1/22 "/>
</bind>
</comp>

<comp id="682" class="1004" name="sext_ln85_2_fu_682">
<pin_list>
<pin id="683" dir="0" index="0" bw="32" slack="4"/>
<pin id="684" dir="1" index="1" bw="33" slack="0"/>
</pin_list>
<bind>
<opcode="sext(35) " fcode="sext"/>
<opset="sext_ln85_2/22 "/>
</bind>
</comp>

<comp id="686" class="1004" name="sext_ln85_3_fu_686">
<pin_list>
<pin id="687" dir="0" index="0" bw="32" slack="1"/>
<pin id="688" dir="1" index="1" bw="33" slack="0"/>
</pin_list>
<bind>
<opcode="sext(35) " fcode="sext"/>
<opset="sext_ln85_3/22 "/>
</bind>
</comp>

<comp id="689" class="1004" name="add_ln85_1_fu_689">
<pin_list>
<pin id="690" dir="0" index="0" bw="32" slack="0"/>
<pin id="691" dir="0" index="1" bw="32" slack="0"/>
<pin id="692" dir="1" index="2" bw="33" slack="0"/>
</pin_list>
<bind>
<opcode="add(8) " fcode="add"/>
<opset="add_ln85_1/22 "/>
</bind>
</comp>

<comp id="695" class="1004" name="tmp_13_fu_695">
<pin_list>
<pin id="696" dir="0" index="0" bw="1" slack="0"/>
<pin id="697" dir="0" index="1" bw="33" slack="0"/>
<pin id="698" dir="0" index="2" bw="7" slack="0"/>
<pin id="699" dir="1" index="3" bw="1" slack="0"/>
</pin_list>
<bind>
<opcode="bitselect(1000) " fcode="bitselect"/>
<opset="tmp_13/22 "/>
</bind>
</comp>

<comp id="703" class="1004" name="trunc_ln85_1_fu_703">
<pin_list>
<pin id="704" dir="0" index="0" bw="33" slack="0"/>
<pin id="705" dir="1" index="1" bw="32" slack="0"/>
</pin_list>
<bind>
<opcode="trunc(33) " fcode="trunc"/>
<opset="trunc_ln85_1/22 "/>
</bind>
</comp>

<comp id="707" class="1004" name="tmp_14_fu_707">
<pin_list>
<pin id="708" dir="0" index="0" bw="1" slack="0"/>
<pin id="709" dir="0" index="1" bw="33" slack="0"/>
<pin id="710" dir="0" index="2" bw="6" slack="0"/>
<pin id="711" dir="1" index="3" bw="1" slack="0"/>
</pin_list>
<bind>
<opcode="bitselect(1000) " fcode="bitselect"/>
<opset="tmp_14/22 "/>
</bind>
</comp>

<comp id="715" class="1004" name="xor_ln85_2_fu_715">
<pin_list>
<pin id="716" dir="0" index="0" bw="1" slack="0"/>
<pin id="717" dir="0" index="1" bw="1" slack="0"/>
<pin id="718" dir="1" index="2" bw="1" slack="0"/>
</pin_list>
<bind>
<opcode="xor(25) " fcode="xor"/>
<opset="xor_ln85_2/22 "/>
</bind>
</comp>

<comp id="721" class="1004" name="and_ln85_1_fu_721">
<pin_list>
<pin id="722" dir="0" index="0" bw="1" slack="0"/>
<pin id="723" dir="0" index="1" bw="1" slack="0"/>
<pin id="724" dir="1" index="2" bw="1" slack="0"/>
</pin_list>
<bind>
<opcode="and(23) " fcode="and"/>
<opset="and_ln85_1/22 "/>
</bind>
</comp>

<comp id="727" class="1004" name="xor_ln85_3_fu_727">
<pin_list>
<pin id="728" dir="0" index="0" bw="1" slack="0"/>
<pin id="729" dir="0" index="1" bw="1" slack="0"/>
<pin id="730" dir="1" index="2" bw="1" slack="0"/>
</pin_list>
<bind>
<opcode="xor(25) " fcode="xor"/>
<opset="xor_ln85_3/22 "/>
</bind>
</comp>

<comp id="733" class="1004" name="select_ln85_2_fu_733">
<pin_list>
<pin id="734" dir="0" index="0" bw="1" slack="0"/>
<pin id="735" dir="0" index="1" bw="32" slack="0"/>
<pin id="736" dir="0" index="2" bw="32" slack="0"/>
<pin id="737" dir="1" index="3" bw="32" slack="0"/>
</pin_list>
<bind>
<opcode="select(49) " fcode="select"/>
<opset="select_ln85_2/22 "/>
</bind>
</comp>

<comp id="741" class="1004" name="select_ln85_3_fu_741">
<pin_list>
<pin id="742" dir="0" index="0" bw="1" slack="0"/>
<pin id="743" dir="0" index="1" bw="32" slack="0"/>
<pin id="744" dir="0" index="2" bw="32" slack="0"/>
<pin id="745" dir="1" index="3" bw="32" slack="0"/>
</pin_list>
<bind>
<opcode="select(49) " fcode="select"/>
<opset="select_ln85_3/22 "/>
</bind>
</comp>

<comp id="750" class="1004" name="sub_ln89_fu_750">
<pin_list>
<pin id="751" dir="0" index="0" bw="32" slack="0"/>
<pin id="752" dir="0" index="1" bw="32" slack="0"/>
<pin id="753" dir="1" index="2" bw="33" slack="0"/>
</pin_list>
<bind>
<opcode="sub(10) " fcode="sub"/>
<opset="sub_ln89/22 "/>
</bind>
</comp>

<comp id="756" class="1004" name="tmp_15_fu_756">
<pin_list>
<pin id="757" dir="0" index="0" bw="1" slack="0"/>
<pin id="758" dir="0" index="1" bw="33" slack="0"/>
<pin id="759" dir="0" index="2" bw="7" slack="0"/>
<pin id="760" dir="1" index="3" bw="1" slack="0"/>
</pin_list>
<bind>
<opcode="bitselect(1000) " fcode="bitselect"/>
<opset="tmp_15/22 "/>
</bind>
</comp>

<comp id="764" class="1004" name="trunc_ln89_fu_764">
<pin_list>
<pin id="765" dir="0" index="0" bw="33" slack="0"/>
<pin id="766" dir="1" index="1" bw="32" slack="0"/>
</pin_list>
<bind>
<opcode="trunc(33) " fcode="trunc"/>
<opset="trunc_ln89/22 "/>
</bind>
</comp>

<comp id="768" class="1004" name="tmp_16_fu_768">
<pin_list>
<pin id="769" dir="0" index="0" bw="1" slack="0"/>
<pin id="770" dir="0" index="1" bw="33" slack="0"/>
<pin id="771" dir="0" index="2" bw="6" slack="0"/>
<pin id="772" dir="1" index="3" bw="1" slack="0"/>
</pin_list>
<bind>
<opcode="bitselect(1000) " fcode="bitselect"/>
<opset="tmp_16/22 "/>
</bind>
</comp>

<comp id="776" class="1004" name="xor_ln89_fu_776">
<pin_list>
<pin id="777" dir="0" index="0" bw="1" slack="0"/>
<pin id="778" dir="0" index="1" bw="1" slack="0"/>
<pin id="779" dir="1" index="2" bw="1" slack="0"/>
</pin_list>
<bind>
<opcode="xor(25) " fcode="xor"/>
<opset="xor_ln89/22 "/>
</bind>
</comp>

<comp id="782" class="1004" name="and_ln89_fu_782">
<pin_list>
<pin id="783" dir="0" index="0" bw="1" slack="0"/>
<pin id="784" dir="0" index="1" bw="1" slack="0"/>
<pin id="785" dir="1" index="2" bw="1" slack="0"/>
</pin_list>
<bind>
<opcode="and(23) " fcode="and"/>
<opset="and_ln89/22 "/>
</bind>
</comp>

<comp id="788" class="1004" name="xor_ln89_1_fu_788">
<pin_list>
<pin id="789" dir="0" index="0" bw="1" slack="0"/>
<pin id="790" dir="0" index="1" bw="1" slack="0"/>
<pin id="791" dir="1" index="2" bw="1" slack="0"/>
</pin_list>
<bind>
<opcode="xor(25) " fcode="xor"/>
<opset="xor_ln89_1/22 "/>
</bind>
</comp>

<comp id="794" class="1004" name="select_ln89_fu_794">
<pin_list>
<pin id="795" dir="0" index="0" bw="1" slack="0"/>
<pin id="796" dir="0" index="1" bw="32" slack="0"/>
<pin id="797" dir="0" index="2" bw="32" slack="0"/>
<pin id="798" dir="1" index="3" bw="32" slack="0"/>
</pin_list>
<bind>
<opcode="select(49) " fcode="select"/>
<opset="select_ln89/22 "/>
</bind>
</comp>

<comp id="802" class="1004" name="select_ln89_1_fu_802">
<pin_list>
<pin id="803" dir="0" index="0" bw="1" slack="0"/>
<pin id="804" dir="0" index="1" bw="32" slack="0"/>
<pin id="805" dir="0" index="2" bw="32" slack="0"/>
<pin id="806" dir="1" index="3" bw="32" slack="1"/>
</pin_list>
<bind>
<opcode="select(49) " fcode="select"/>
<opset="select_ln89_1/22 "/>
</bind>
</comp>

<comp id="810" class="1004" name="sub_ln89_1_fu_810">
<pin_list>
<pin id="811" dir="0" index="0" bw="32" slack="0"/>
<pin id="812" dir="0" index="1" bw="32" slack="0"/>
<pin id="813" dir="1" index="2" bw="33" slack="0"/>
</pin_list>
<bind>
<opcode="sub(10) " fcode="sub"/>
<opset="sub_ln89_1/22 "/>
</bind>
</comp>

<comp id="816" class="1004" name="tmp_17_fu_816">
<pin_list>
<pin id="817" dir="0" index="0" bw="1" slack="0"/>
<pin id="818" dir="0" index="1" bw="33" slack="0"/>
<pin id="819" dir="0" index="2" bw="7" slack="0"/>
<pin id="820" dir="1" index="3" bw="1" slack="0"/>
</pin_list>
<bind>
<opcode="bitselect(1000) " fcode="bitselect"/>
<opset="tmp_17/22 "/>
</bind>
</comp>

<comp id="824" class="1004" name="trunc_ln89_1_fu_824">
<pin_list>
<pin id="825" dir="0" index="0" bw="33" slack="0"/>
<pin id="826" dir="1" index="1" bw="32" slack="0"/>
</pin_list>
<bind>
<opcode="trunc(33) " fcode="trunc"/>
<opset="trunc_ln89_1/22 "/>
</bind>
</comp>

<comp id="828" class="1004" name="tmp_18_fu_828">
<pin_list>
<pin id="829" dir="0" index="0" bw="1" slack="0"/>
<pin id="830" dir="0" index="1" bw="33" slack="0"/>
<pin id="831" dir="0" index="2" bw="6" slack="0"/>
<pin id="832" dir="1" index="3" bw="1" slack="0"/>
</pin_list>
<bind>
<opcode="bitselect(1000) " fcode="bitselect"/>
<opset="tmp_18/22 "/>
</bind>
</comp>

<comp id="836" class="1004" name="xor_ln89_2_fu_836">
<pin_list>
<pin id="837" dir="0" index="0" bw="1" slack="0"/>
<pin id="838" dir="0" index="1" bw="1" slack="0"/>
<pin id="839" dir="1" index="2" bw="1" slack="0"/>
</pin_list>
<bind>
<opcode="xor(25) " fcode="xor"/>
<opset="xor_ln89_2/22 "/>
</bind>
</comp>

<comp id="842" class="1004" name="and_ln89_1_fu_842">
<pin_list>
<pin id="843" dir="0" index="0" bw="1" slack="0"/>
<pin id="844" dir="0" index="1" bw="1" slack="0"/>
<pin id="845" dir="1" index="2" bw="1" slack="0"/>
</pin_list>
<bind>
<opcode="and(23) " fcode="and"/>
<opset="and_ln89_1/22 "/>
</bind>
</comp>

<comp id="848" class="1004" name="xor_ln89_3_fu_848">
<pin_list>
<pin id="849" dir="0" index="0" bw="1" slack="0"/>
<pin id="850" dir="0" index="1" bw="1" slack="0"/>
<pin id="851" dir="1" index="2" bw="1" slack="0"/>
</pin_list>
<bind>
<opcode="xor(25) " fcode="xor"/>
<opset="xor_ln89_3/22 "/>
</bind>
</comp>

<comp id="854" class="1004" name="select_ln89_2_fu_854">
<pin_list>
<pin id="855" dir="0" index="0" bw="1" slack="0"/>
<pin id="856" dir="0" index="1" bw="32" slack="0"/>
<pin id="857" dir="0" index="2" bw="32" slack="0"/>
<pin id="858" dir="1" index="3" bw="32" slack="0"/>
</pin_list>
<bind>
<opcode="select(49) " fcode="select"/>
<opset="select_ln89_2/22 "/>
</bind>
</comp>

<comp id="862" class="1004" name="select_ln89_3_fu_862">
<pin_list>
<pin id="863" dir="0" index="0" bw="1" slack="0"/>
<pin id="864" dir="0" index="1" bw="32" slack="0"/>
<pin id="865" dir="0" index="2" bw="32" slack="0"/>
<pin id="866" dir="1" index="3" bw="32" slack="1"/>
</pin_list>
<bind>
<opcode="select(49) " fcode="select"/>
<opset="select_ln89_3/22 "/>
</bind>
</comp>

<comp id="870" class="1005" name="j_reg_870">
<pin_list>
<pin id="871" dir="0" index="0" bw="6" slack="0"/>
<pin id="872" dir="1" index="1" bw="6" slack="0"/>
</pin_list>
<bind>
<opset="j "/>
</bind>
</comp>

<comp id="877" class="1005" name="tmp_reg_877">
<pin_list>
<pin id="878" dir="0" index="0" bw="6" slack="15"/>
<pin id="879" dir="1" index="1" bw="6" slack="15"/>
</pin_list>
<bind>
<opset="tmp "/>
</bind>
</comp>

<comp id="882" class="1005" name="len_read_reg_882">
<pin_list>
<pin id="883" dir="0" index="0" bw="32" slack="1"/>
<pin id="884" dir="1" index="1" bw="32" slack="1"/>
</pin_list>
<bind>
<opset="len_read "/>
</bind>
</comp>

<comp id="887" class="1005" name="icmp_ln151_reg_887">
<pin_list>
<pin id="888" dir="0" index="0" bw="1" slack="1"/>
<pin id="889" dir="1" index="1" bw="1" slack="2147483647"/>
</pin_list>
<bind>
<opset="icmp_ln151 "/>
</bind>
</comp>

<comp id="891" class="1005" name="zext_ln80_reg_891">
<pin_list>
<pin id="892" dir="0" index="0" bw="32" slack="1"/>
<pin id="893" dir="1" index="1" bw="32" slack="1"/>
</pin_list>
<bind>
<opset="zext_ln80 "/>
</bind>
</comp>

<comp id="896" class="1005" name="add_ln153_reg_896">
<pin_list>
<pin id="897" dir="0" index="0" bw="6" slack="15"/>
<pin id="898" dir="1" index="1" bw="6" slack="15"/>
</pin_list>
<bind>
<opset="add_ln153 "/>
</bind>
</comp>

<comp id="902" class="1005" name="TWIDDLE_REAL_addr_reg_902">
<pin_list>
<pin id="903" dir="0" index="0" bw="5" slack="1"/>
<pin id="904" dir="1" index="1" bw="5" slack="1"/>
</pin_list>
<bind>
<opset="TWIDDLE_REAL_addr "/>
</bind>
</comp>

<comp id="907" class="1005" name="TWIDDLE_IMAG_addr_reg_907">
<pin_list>
<pin id="908" dir="0" index="0" bw="5" slack="1"/>
<pin id="909" dir="1" index="1" bw="5" slack="1"/>
</pin_list>
<bind>
<opset="TWIDDLE_IMAG_addr "/>
</bind>
</comp>

<comp id="912" class="1005" name="a_real_reg_912">
<pin_list>
<pin id="913" dir="0" index="0" bw="6" slack="1"/>
<pin id="914" dir="1" index="1" bw="6" slack="1"/>
</pin_list>
<bind>
<opset="a_real "/>
</bind>
</comp>

<comp id="918" class="1005" name="a_imag_reg_918">
<pin_list>
<pin id="919" dir="0" index="0" bw="6" slack="1"/>
<pin id="920" dir="1" index="1" bw="6" slack="1"/>
</pin_list>
<bind>
<opset="a_imag "/>
</bind>
</comp>

<comp id="924" class="1005" name="w_real_reg_924">
<pin_list>
<pin id="925" dir="0" index="0" bw="14" slack="1"/>
<pin id="926" dir="1" index="1" bw="14" slack="1"/>
</pin_list>
<bind>
<opset="w_real "/>
</bind>
</comp>

<comp id="929" class="1005" name="w_imag_reg_929">
<pin_list>
<pin id="930" dir="0" index="0" bw="13" slack="1"/>
<pin id="931" dir="1" index="1" bw="13" slack="1"/>
</pin_list>
<bind>
<opset="w_imag "/>
</bind>
</comp>

<comp id="934" class="1005" name="data_real_addr_reg_934">
<pin_list>
<pin id="935" dir="0" index="0" bw="6" slack="1"/>
<pin id="936" dir="1" index="1" bw="6" slack="1"/>
</pin_list>
<bind>
<opset="data_real_addr "/>
</bind>
</comp>

<comp id="940" class="1005" name="data_imag_addr_reg_940">
<pin_list>
<pin id="941" dir="0" index="0" bw="6" slack="1"/>
<pin id="942" dir="1" index="1" bw="6" slack="1"/>
</pin_list>
<bind>
<opset="data_imag_addr "/>
</bind>
</comp>

<comp id="946" class="1005" name="sext_ln94_reg_946">
<pin_list>
<pin id="947" dir="0" index="0" bw="45" slack="1"/>
<pin id="948" dir="1" index="1" bw="45" slack="1"/>
</pin_list>
<bind>
<opset="sext_ln94 "/>
</bind>
</comp>

<comp id="951" class="1005" name="sext_ln95_1_reg_951">
<pin_list>
<pin id="952" dir="0" index="0" bw="44" slack="1"/>
<pin id="953" dir="1" index="1" bw="44" slack="1"/>
</pin_list>
<bind>
<opset="sext_ln95_1 "/>
</bind>
</comp>

<comp id="957" class="1005" name="sext_ln94_1_reg_957">
<pin_list>
<pin id="958" dir="0" index="0" bw="44" slack="1"/>
<pin id="959" dir="1" index="1" bw="44" slack="1"/>
</pin_list>
<bind>
<opset="sext_ln94_1 "/>
</bind>
</comp>

<comp id="962" class="1005" name="sext_ln95_2_reg_962">
<pin_list>
<pin id="963" dir="0" index="0" bw="44" slack="1"/>
<pin id="964" dir="1" index="1" bw="44" slack="1"/>
</pin_list>
<bind>
<opset="sext_ln95_2 "/>
</bind>
</comp>

<comp id="967" class="1005" name="sext_ln94_2_reg_967">
<pin_list>
<pin id="968" dir="0" index="0" bw="45" slack="1"/>
<pin id="969" dir="1" index="1" bw="45" slack="1"/>
</pin_list>
<bind>
<opset="sext_ln94_2 "/>
</bind>
</comp>

<comp id="972" class="1005" name="sext_ln94_3_reg_972">
<pin_list>
<pin id="973" dir="0" index="0" bw="45" slack="1"/>
<pin id="974" dir="1" index="1" bw="45" slack="1"/>
</pin_list>
<bind>
<opset="sext_ln94_3 "/>
</bind>
</comp>

<comp id="978" class="1005" name="mul_ln94_reg_978">
<pin_list>
<pin id="979" dir="0" index="0" bw="45" slack="1"/>
<pin id="980" dir="1" index="1" bw="45" slack="1"/>
</pin_list>
<bind>
<opset="mul_ln94 "/>
</bind>
</comp>

<comp id="983" class="1005" name="mul_ln94_1_reg_983">
<pin_list>
<pin id="984" dir="0" index="0" bw="44" slack="1"/>
<pin id="985" dir="1" index="1" bw="44" slack="1"/>
</pin_list>
<bind>
<opset="mul_ln94_1 "/>
</bind>
</comp>

<comp id="988" class="1005" name="mul_ln95_reg_988">
<pin_list>
<pin id="989" dir="0" index="0" bw="45" slack="1"/>
<pin id="990" dir="1" index="1" bw="45" slack="1"/>
</pin_list>
<bind>
<opset="mul_ln95 "/>
</bind>
</comp>

<comp id="993" class="1005" name="mul_ln95_1_reg_993">
<pin_list>
<pin id="994" dir="0" index="0" bw="44" slack="1"/>
<pin id="995" dir="1" index="1" bw="44" slack="1"/>
</pin_list>
<bind>
<opset="mul_ln95_1 "/>
</bind>
</comp>

<comp id="998" class="1005" name="tmp_3_reg_998">
<pin_list>
<pin id="999" dir="0" index="0" bw="1" slack="1"/>
<pin id="1000" dir="1" index="1" bw="1" slack="1"/>
</pin_list>
<bind>
<opset="tmp_3 "/>
</bind>
</comp>

<comp id="1005" class="1005" name="trunc_ln4_reg_1005">
<pin_list>
<pin id="1006" dir="0" index="0" bw="32" slack="1"/>
<pin id="1007" dir="1" index="1" bw="32" slack="1"/>
</pin_list>
<bind>
<opset="trunc_ln4 "/>
</bind>
</comp>

<comp id="1010" class="1005" name="tmp_4_reg_1010">
<pin_list>
<pin id="1011" dir="0" index="0" bw="1" slack="1"/>
<pin id="1012" dir="1" index="1" bw="1" slack="1"/>
</pin_list>
<bind>
<opset="tmp_4 "/>
</bind>
</comp>

<comp id="1015" class="1005" name="tmp_5_reg_1015">
<pin_list>
<pin id="1016" dir="0" index="0" bw="1" slack="1"/>
<pin id="1017" dir="1" index="1" bw="1" slack="1"/>
</pin_list>
<bind>
<opset="tmp_5 "/>
</bind>
</comp>

<comp id="1021" class="1005" name="tmp_7_reg_1021">
<pin_list>
<pin id="1022" dir="0" index="0" bw="1" slack="1"/>
<pin id="1023" dir="1" index="1" bw="1" slack="1"/>
</pin_list>
<bind>
<opset="tmp_7 "/>
</bind>
</comp>

<comp id="1028" class="1005" name="trunc_ln5_reg_1028">
<pin_list>
<pin id="1029" dir="0" index="0" bw="32" slack="1"/>
<pin id="1030" dir="1" index="1" bw="32" slack="1"/>
</pin_list>
<bind>
<opset="trunc_ln5 "/>
</bind>
</comp>

<comp id="1033" class="1005" name="tmp_8_reg_1033">
<pin_list>
<pin id="1034" dir="0" index="0" bw="1" slack="1"/>
<pin id="1035" dir="1" index="1" bw="1" slack="1"/>
</pin_list>
<bind>
<opset="tmp_8 "/>
</bind>
</comp>

<comp id="1038" class="1005" name="tmp_9_reg_1038">
<pin_list>
<pin id="1039" dir="0" index="0" bw="1" slack="1"/>
<pin id="1040" dir="1" index="1" bw="1" slack="1"/>
</pin_list>
<bind>
<opset="tmp_9 "/>
</bind>
</comp>

<comp id="1044" class="1005" name="v_real_reg_1044">
<pin_list>
<pin id="1045" dir="0" index="0" bw="32" slack="1"/>
<pin id="1046" dir="1" index="1" bw="32" slack="1"/>
</pin_list>
<bind>
<opset="v_real "/>
</bind>
</comp>

<comp id="1049" class="1005" name="v_imag_reg_1049">
<pin_list>
<pin id="1050" dir="0" index="0" bw="32" slack="1"/>
<pin id="1051" dir="1" index="1" bw="32" slack="1"/>
</pin_list>
<bind>
<opset="v_imag "/>
</bind>
</comp>

<comp id="1054" class="1005" name="select_ln89_1_reg_1054">
<pin_list>
<pin id="1055" dir="0" index="0" bw="32" slack="1"/>
<pin id="1056" dir="1" index="1" bw="32" slack="1"/>
</pin_list>
<bind>
<opset="select_ln89_1 "/>
</bind>
</comp>

<comp id="1059" class="1005" name="select_ln89_3_reg_1059">
<pin_list>
<pin id="1060" dir="0" index="0" bw="32" slack="1"/>
<pin id="1061" dir="1" index="1" bw="32" slack="1"/>
</pin_list>
<bind>
<opset="select_ln89_3 "/>
</bind>
</comp>

</comp_list>

<net_list>
<net id="79"><net_src comp="16" pin="0"/><net_sink comp="76" pin=0"/></net>

<net id="84"><net_src comp="18" pin="0"/><net_sink comp="80" pin=0"/></net>

<net id="85"><net_src comp="10" pin="0"/><net_sink comp="80" pin=1"/></net>

<net id="90"><net_src comp="18" pin="0"/><net_sink comp="86" pin=0"/></net>

<net id="91"><net_src comp="4" pin="0"/><net_sink comp="86" pin=1"/></net>

<net id="96"><net_src comp="20" pin="0"/><net_sink comp="92" pin=0"/></net>

<net id="97"><net_src comp="2" pin="0"/><net_sink comp="92" pin=1"/></net>

<net id="102"><net_src comp="22" pin="0"/><net_sink comp="98" pin=0"/></net>

<net id="103"><net_src comp="0" pin="0"/><net_sink comp="98" pin=1"/></net>

<net id="109"><net_src comp="12" pin="0"/><net_sink comp="104" pin=0"/></net>

<net id="110"><net_src comp="30" pin="0"/><net_sink comp="104" pin=1"/></net>

<net id="116"><net_src comp="104" pin="3"/><net_sink comp="111" pin=0"/></net>

<net id="122"><net_src comp="14" pin="0"/><net_sink comp="117" pin=0"/></net>

<net id="123"><net_src comp="30" pin="0"/><net_sink comp="117" pin=1"/></net>

<net id="129"><net_src comp="117" pin="3"/><net_sink comp="124" pin=0"/></net>

<net id="135"><net_src comp="6" pin="0"/><net_sink comp="130" pin=0"/></net>

<net id="136"><net_src comp="30" pin="0"/><net_sink comp="130" pin=1"/></net>

<net id="142"><net_src comp="8" pin="0"/><net_sink comp="137" pin=0"/></net>

<net id="143"><net_src comp="30" pin="0"/><net_sink comp="137" pin=1"/></net>

<net id="153"><net_src comp="130" pin="3"/><net_sink comp="144" pin=2"/></net>

<net id="163"><net_src comp="137" pin="3"/><net_sink comp="154" pin=2"/></net>

<net id="169"><net_src comp="6" pin="0"/><net_sink comp="164" pin=0"/></net>

<net id="170"><net_src comp="30" pin="0"/><net_sink comp="164" pin=1"/></net>

<net id="176"><net_src comp="8" pin="0"/><net_sink comp="171" pin=0"/></net>

<net id="177"><net_src comp="30" pin="0"/><net_sink comp="171" pin=1"/></net>

<net id="178"><net_src comp="164" pin="3"/><net_sink comp="144" pin=2"/></net>

<net id="179"><net_src comp="171" pin="3"/><net_sink comp="154" pin=2"/></net>

<net id="199"><net_src comp="144" pin="7"/><net_sink comp="196" pin=0"/></net>

<net id="203"><net_src comp="154" pin="7"/><net_sink comp="200" pin=0"/></net>

<net id="208"><net_src comp="24" pin="0"/><net_sink comp="204" pin=0"/></net>

<net id="215"><net_src comp="209" pin="1"/><net_sink comp="212" pin=0"/></net>

<net id="220"><net_src comp="212" pin="1"/><net_sink comp="216" pin=0"/></net>

<net id="221"><net_src comp="98" pin="2"/><net_sink comp="216" pin=1"/></net>

<net id="226"><net_src comp="209" pin="1"/><net_sink comp="222" pin=0"/></net>

<net id="227"><net_src comp="26" pin="0"/><net_sink comp="222" pin=1"/></net>

<net id="231"><net_src comp="209" pin="1"/><net_sink comp="228" pin=0"/></net>

<net id="235"><net_src comp="228" pin="1"/><net_sink comp="232" pin=0"/></net>

<net id="241"><net_src comp="28" pin="0"/><net_sink comp="236" pin=0"/></net>

<net id="242"><net_src comp="228" pin="1"/><net_sink comp="236" pin=1"/></net>

<net id="243"><net_src comp="24" pin="0"/><net_sink comp="236" pin=2"/></net>

<net id="247"><net_src comp="236" pin="3"/><net_sink comp="244" pin=0"/></net>

<net id="252"><net_src comp="244" pin="1"/><net_sink comp="248" pin=0"/></net>

<net id="253"><net_src comp="92" pin="2"/><net_sink comp="248" pin=1"/></net>

<net id="258"><net_src comp="232" pin="1"/><net_sink comp="254" pin=0"/></net>

<net id="259"><net_src comp="86" pin="2"/><net_sink comp="254" pin=1"/></net>

<net id="264"><net_src comp="222" pin="2"/><net_sink comp="260" pin=0"/></net>

<net id="268"><net_src comp="248" pin="2"/><net_sink comp="265" pin=0"/></net>

<net id="272"><net_src comp="265" pin="1"/><net_sink comp="269" pin=0"/></net>

<net id="273"><net_src comp="269" pin="1"/><net_sink comp="104" pin=2"/></net>

<net id="274"><net_src comp="269" pin="1"/><net_sink comp="117" pin=2"/></net>

<net id="282"><net_src comp="275" pin="2"/><net_sink comp="279" pin=0"/></net>

<net id="283"><net_src comp="279" pin="1"/><net_sink comp="130" pin=2"/></net>

<net id="284"><net_src comp="279" pin="1"/><net_sink comp="137" pin=2"/></net>

<net id="288"><net_src comp="285" pin="1"/><net_sink comp="164" pin=2"/></net>

<net id="289"><net_src comp="285" pin="1"/><net_sink comp="171" pin=2"/></net>

<net id="293"><net_src comp="196" pin="1"/><net_sink comp="290" pin=0"/></net>

<net id="294"><net_src comp="290" pin="1"/><net_sink comp="184" pin=0"/></net>

<net id="298"><net_src comp="295" pin="1"/><net_sink comp="188" pin=1"/></net>

<net id="299"><net_src comp="295" pin="1"/><net_sink comp="192" pin=1"/></net>

<net id="303"><net_src comp="196" pin="1"/><net_sink comp="300" pin=0"/></net>

<net id="304"><net_src comp="300" pin="1"/><net_sink comp="188" pin=0"/></net>

<net id="308"><net_src comp="200" pin="1"/><net_sink comp="305" pin=0"/></net>

<net id="309"><net_src comp="305" pin="1"/><net_sink comp="192" pin=0"/></net>

<net id="313"><net_src comp="200" pin="1"/><net_sink comp="310" pin=0"/></net>

<net id="314"><net_src comp="310" pin="1"/><net_sink comp="180" pin=0"/></net>

<net id="318"><net_src comp="315" pin="1"/><net_sink comp="180" pin=1"/></net>

<net id="319"><net_src comp="315" pin="1"/><net_sink comp="184" pin=1"/></net>

<net id="327"><net_src comp="320" pin="1"/><net_sink comp="323" pin=0"/></net>

<net id="333"><net_src comp="32" pin="0"/><net_sink comp="328" pin=0"/></net>

<net id="334"><net_src comp="323" pin="2"/><net_sink comp="328" pin=1"/></net>

<net id="335"><net_src comp="34" pin="0"/><net_sink comp="328" pin=2"/></net>

<net id="342"><net_src comp="36" pin="0"/><net_sink comp="336" pin=0"/></net>

<net id="343"><net_src comp="323" pin="2"/><net_sink comp="336" pin=1"/></net>

<net id="344"><net_src comp="38" pin="0"/><net_sink comp="336" pin=2"/></net>

<net id="345"><net_src comp="40" pin="0"/><net_sink comp="336" pin=3"/></net>

<net id="351"><net_src comp="32" pin="0"/><net_sink comp="346" pin=0"/></net>

<net id="352"><net_src comp="323" pin="2"/><net_sink comp="346" pin=1"/></net>

<net id="353"><net_src comp="42" pin="0"/><net_sink comp="346" pin=2"/></net>

<net id="359"><net_src comp="32" pin="0"/><net_sink comp="354" pin=0"/></net>

<net id="360"><net_src comp="323" pin="2"/><net_sink comp="354" pin=1"/></net>

<net id="361"><net_src comp="40" pin="0"/><net_sink comp="354" pin=2"/></net>

<net id="369"><net_src comp="362" pin="1"/><net_sink comp="365" pin=0"/></net>

<net id="375"><net_src comp="32" pin="0"/><net_sink comp="370" pin=0"/></net>

<net id="376"><net_src comp="365" pin="2"/><net_sink comp="370" pin=1"/></net>

<net id="377"><net_src comp="34" pin="0"/><net_sink comp="370" pin=2"/></net>

<net id="384"><net_src comp="36" pin="0"/><net_sink comp="378" pin=0"/></net>

<net id="385"><net_src comp="365" pin="2"/><net_sink comp="378" pin=1"/></net>

<net id="386"><net_src comp="38" pin="0"/><net_sink comp="378" pin=2"/></net>

<net id="387"><net_src comp="40" pin="0"/><net_sink comp="378" pin=3"/></net>

<net id="393"><net_src comp="32" pin="0"/><net_sink comp="388" pin=0"/></net>

<net id="394"><net_src comp="365" pin="2"/><net_sink comp="388" pin=1"/></net>

<net id="395"><net_src comp="42" pin="0"/><net_sink comp="388" pin=2"/></net>

<net id="401"><net_src comp="32" pin="0"/><net_sink comp="396" pin=0"/></net>

<net id="402"><net_src comp="365" pin="2"/><net_sink comp="396" pin=1"/></net>

<net id="403"><net_src comp="40" pin="0"/><net_sink comp="396" pin=2"/></net>

<net id="411"><net_src comp="404" pin="1"/><net_sink comp="407" pin=1"/></net>

<net id="417"><net_src comp="44" pin="0"/><net_sink comp="412" pin=0"/></net>

<net id="418"><net_src comp="407" pin="2"/><net_sink comp="412" pin=1"/></net>

<net id="419"><net_src comp="46" pin="0"/><net_sink comp="412" pin=2"/></net>

<net id="424"><net_src comp="412" pin="3"/><net_sink comp="420" pin=0"/></net>

<net id="425"><net_src comp="48" pin="0"/><net_sink comp="420" pin=1"/></net>

<net id="430"><net_src comp="420" pin="2"/><net_sink comp="426" pin=1"/></net>

<net id="435"><net_src comp="48" pin="0"/><net_sink comp="431" pin=1"/></net>

<net id="440"><net_src comp="412" pin="3"/><net_sink comp="436" pin=0"/></net>

<net id="441"><net_src comp="431" pin="2"/><net_sink comp="436" pin=1"/></net>

<net id="446"><net_src comp="48" pin="0"/><net_sink comp="442" pin=1"/></net>

<net id="451"><net_src comp="48" pin="0"/><net_sink comp="447" pin=0"/></net>

<net id="456"><net_src comp="447" pin="2"/><net_sink comp="452" pin=0"/></net>

<net id="457"><net_src comp="436" pin="2"/><net_sink comp="452" pin=1"/></net>

<net id="462"><net_src comp="412" pin="3"/><net_sink comp="458" pin=0"/></net>

<net id="463"><net_src comp="452" pin="2"/><net_sink comp="458" pin=1"/></net>

<net id="468"><net_src comp="458" pin="2"/><net_sink comp="464" pin=0"/></net>

<net id="469"><net_src comp="442" pin="2"/><net_sink comp="464" pin=1"/></net>

<net id="474"><net_src comp="426" pin="2"/><net_sink comp="470" pin=0"/></net>

<net id="475"><net_src comp="412" pin="3"/><net_sink comp="470" pin=1"/></net>

<net id="480"><net_src comp="470" pin="2"/><net_sink comp="476" pin=0"/></net>

<net id="481"><net_src comp="48" pin="0"/><net_sink comp="476" pin=1"/></net>

<net id="486"><net_src comp="476" pin="2"/><net_sink comp="482" pin=1"/></net>

<net id="492"><net_src comp="464" pin="2"/><net_sink comp="487" pin=0"/></net>

<net id="493"><net_src comp="50" pin="0"/><net_sink comp="487" pin=1"/></net>

<net id="494"><net_src comp="52" pin="0"/><net_sink comp="487" pin=2"/></net>

<net id="499"><net_src comp="464" pin="2"/><net_sink comp="495" pin=0"/></net>

<net id="500"><net_src comp="482" pin="2"/><net_sink comp="495" pin=1"/></net>

<net id="506"><net_src comp="495" pin="2"/><net_sink comp="501" pin=0"/></net>

<net id="507"><net_src comp="487" pin="3"/><net_sink comp="501" pin=1"/></net>

<net id="508"><net_src comp="407" pin="2"/><net_sink comp="501" pin=2"/></net>

<net id="516"><net_src comp="509" pin="1"/><net_sink comp="512" pin=1"/></net>

<net id="522"><net_src comp="44" pin="0"/><net_sink comp="517" pin=0"/></net>

<net id="523"><net_src comp="512" pin="2"/><net_sink comp="517" pin=1"/></net>

<net id="524"><net_src comp="46" pin="0"/><net_sink comp="517" pin=2"/></net>

<net id="529"><net_src comp="517" pin="3"/><net_sink comp="525" pin=0"/></net>

<net id="530"><net_src comp="48" pin="0"/><net_sink comp="525" pin=1"/></net>

<net id="535"><net_src comp="525" pin="2"/><net_sink comp="531" pin=1"/></net>

<net id="540"><net_src comp="48" pin="0"/><net_sink comp="536" pin=1"/></net>

<net id="545"><net_src comp="517" pin="3"/><net_sink comp="541" pin=0"/></net>

<net id="546"><net_src comp="536" pin="2"/><net_sink comp="541" pin=1"/></net>

<net id="551"><net_src comp="48" pin="0"/><net_sink comp="547" pin=1"/></net>

<net id="556"><net_src comp="48" pin="0"/><net_sink comp="552" pin=0"/></net>

<net id="561"><net_src comp="552" pin="2"/><net_sink comp="557" pin=0"/></net>

<net id="562"><net_src comp="541" pin="2"/><net_sink comp="557" pin=1"/></net>

<net id="567"><net_src comp="517" pin="3"/><net_sink comp="563" pin=0"/></net>

<net id="568"><net_src comp="557" pin="2"/><net_sink comp="563" pin=1"/></net>

<net id="573"><net_src comp="563" pin="2"/><net_sink comp="569" pin=0"/></net>

<net id="574"><net_src comp="547" pin="2"/><net_sink comp="569" pin=1"/></net>

<net id="579"><net_src comp="531" pin="2"/><net_sink comp="575" pin=0"/></net>

<net id="580"><net_src comp="517" pin="3"/><net_sink comp="575" pin=1"/></net>

<net id="585"><net_src comp="575" pin="2"/><net_sink comp="581" pin=0"/></net>

<net id="586"><net_src comp="48" pin="0"/><net_sink comp="581" pin=1"/></net>

<net id="591"><net_src comp="581" pin="2"/><net_sink comp="587" pin=1"/></net>

<net id="597"><net_src comp="569" pin="2"/><net_sink comp="592" pin=0"/></net>

<net id="598"><net_src comp="50" pin="0"/><net_sink comp="592" pin=1"/></net>

<net id="599"><net_src comp="52" pin="0"/><net_sink comp="592" pin=2"/></net>

<net id="604"><net_src comp="569" pin="2"/><net_sink comp="600" pin=0"/></net>

<net id="605"><net_src comp="587" pin="2"/><net_sink comp="600" pin=1"/></net>

<net id="611"><net_src comp="600" pin="2"/><net_sink comp="606" pin=0"/></net>

<net id="612"><net_src comp="592" pin="3"/><net_sink comp="606" pin=1"/></net>

<net id="613"><net_src comp="512" pin="2"/><net_sink comp="606" pin=2"/></net>

<net id="617"><net_src comp="196" pin="1"/><net_sink comp="614" pin=0"/></net>

<net id="625"><net_src comp="618" pin="1"/><net_sink comp="621" pin=0"/></net>

<net id="626"><net_src comp="614" pin="1"/><net_sink comp="621" pin=1"/></net>

<net id="632"><net_src comp="54" pin="0"/><net_sink comp="627" pin=0"/></net>

<net id="633"><net_src comp="621" pin="2"/><net_sink comp="627" pin=1"/></net>

<net id="634"><net_src comp="56" pin="0"/><net_sink comp="627" pin=2"/></net>

<net id="638"><net_src comp="621" pin="2"/><net_sink comp="635" pin=0"/></net>

<net id="644"><net_src comp="54" pin="0"/><net_sink comp="639" pin=0"/></net>

<net id="645"><net_src comp="621" pin="2"/><net_sink comp="639" pin=1"/></net>

<net id="646"><net_src comp="46" pin="0"/><net_sink comp="639" pin=2"/></net>

<net id="651"><net_src comp="627" pin="3"/><net_sink comp="647" pin=0"/></net>

<net id="652"><net_src comp="48" pin="0"/><net_sink comp="647" pin=1"/></net>

<net id="657"><net_src comp="639" pin="3"/><net_sink comp="653" pin=0"/></net>

<net id="658"><net_src comp="647" pin="2"/><net_sink comp="653" pin=1"/></net>

<net id="663"><net_src comp="627" pin="3"/><net_sink comp="659" pin=0"/></net>

<net id="664"><net_src comp="639" pin="3"/><net_sink comp="659" pin=1"/></net>

<net id="670"><net_src comp="653" pin="2"/><net_sink comp="665" pin=0"/></net>

<net id="671"><net_src comp="50" pin="0"/><net_sink comp="665" pin=1"/></net>

<net id="672"><net_src comp="52" pin="0"/><net_sink comp="665" pin=2"/></net>

<net id="678"><net_src comp="659" pin="2"/><net_sink comp="673" pin=0"/></net>

<net id="679"><net_src comp="665" pin="3"/><net_sink comp="673" pin=1"/></net>

<net id="680"><net_src comp="635" pin="1"/><net_sink comp="673" pin=2"/></net>

<net id="681"><net_src comp="673" pin="3"/><net_sink comp="144" pin=1"/></net>

<net id="685"><net_src comp="200" pin="1"/><net_sink comp="682" pin=0"/></net>

<net id="693"><net_src comp="686" pin="1"/><net_sink comp="689" pin=0"/></net>

<net id="694"><net_src comp="682" pin="1"/><net_sink comp="689" pin=1"/></net>

<net id="700"><net_src comp="54" pin="0"/><net_sink comp="695" pin=0"/></net>

<net id="701"><net_src comp="689" pin="2"/><net_sink comp="695" pin=1"/></net>

<net id="702"><net_src comp="56" pin="0"/><net_sink comp="695" pin=2"/></net>

<net id="706"><net_src comp="689" pin="2"/><net_sink comp="703" pin=0"/></net>

<net id="712"><net_src comp="54" pin="0"/><net_sink comp="707" pin=0"/></net>

<net id="713"><net_src comp="689" pin="2"/><net_sink comp="707" pin=1"/></net>

<net id="714"><net_src comp="46" pin="0"/><net_sink comp="707" pin=2"/></net>

<net id="719"><net_src comp="695" pin="3"/><net_sink comp="715" pin=0"/></net>

<net id="720"><net_src comp="48" pin="0"/><net_sink comp="715" pin=1"/></net>

<net id="725"><net_src comp="707" pin="3"/><net_sink comp="721" pin=0"/></net>

<net id="726"><net_src comp="715" pin="2"/><net_sink comp="721" pin=1"/></net>

<net id="731"><net_src comp="695" pin="3"/><net_sink comp="727" pin=0"/></net>

<net id="732"><net_src comp="707" pin="3"/><net_sink comp="727" pin=1"/></net>

<net id="738"><net_src comp="721" pin="2"/><net_sink comp="733" pin=0"/></net>

<net id="739"><net_src comp="50" pin="0"/><net_sink comp="733" pin=1"/></net>

<net id="740"><net_src comp="52" pin="0"/><net_sink comp="733" pin=2"/></net>

<net id="746"><net_src comp="727" pin="2"/><net_sink comp="741" pin=0"/></net>

<net id="747"><net_src comp="733" pin="3"/><net_sink comp="741" pin=1"/></net>

<net id="748"><net_src comp="703" pin="1"/><net_sink comp="741" pin=2"/></net>

<net id="749"><net_src comp="741" pin="3"/><net_sink comp="154" pin=1"/></net>

<net id="754"><net_src comp="614" pin="1"/><net_sink comp="750" pin=0"/></net>

<net id="755"><net_src comp="618" pin="1"/><net_sink comp="750" pin=1"/></net>

<net id="761"><net_src comp="54" pin="0"/><net_sink comp="756" pin=0"/></net>

<net id="762"><net_src comp="750" pin="2"/><net_sink comp="756" pin=1"/></net>

<net id="763"><net_src comp="56" pin="0"/><net_sink comp="756" pin=2"/></net>

<net id="767"><net_src comp="750" pin="2"/><net_sink comp="764" pin=0"/></net>

<net id="773"><net_src comp="54" pin="0"/><net_sink comp="768" pin=0"/></net>

<net id="774"><net_src comp="750" pin="2"/><net_sink comp="768" pin=1"/></net>

<net id="775"><net_src comp="46" pin="0"/><net_sink comp="768" pin=2"/></net>

<net id="780"><net_src comp="756" pin="3"/><net_sink comp="776" pin=0"/></net>

<net id="781"><net_src comp="48" pin="0"/><net_sink comp="776" pin=1"/></net>

<net id="786"><net_src comp="768" pin="3"/><net_sink comp="782" pin=0"/></net>

<net id="787"><net_src comp="776" pin="2"/><net_sink comp="782" pin=1"/></net>

<net id="792"><net_src comp="756" pin="3"/><net_sink comp="788" pin=0"/></net>

<net id="793"><net_src comp="768" pin="3"/><net_sink comp="788" pin=1"/></net>

<net id="799"><net_src comp="782" pin="2"/><net_sink comp="794" pin=0"/></net>

<net id="800"><net_src comp="50" pin="0"/><net_sink comp="794" pin=1"/></net>

<net id="801"><net_src comp="52" pin="0"/><net_sink comp="794" pin=2"/></net>

<net id="807"><net_src comp="788" pin="2"/><net_sink comp="802" pin=0"/></net>

<net id="808"><net_src comp="794" pin="3"/><net_sink comp="802" pin=1"/></net>

<net id="809"><net_src comp="764" pin="1"/><net_sink comp="802" pin=2"/></net>

<net id="814"><net_src comp="682" pin="1"/><net_sink comp="810" pin=0"/></net>

<net id="815"><net_src comp="686" pin="1"/><net_sink comp="810" pin=1"/></net>

<net id="821"><net_src comp="54" pin="0"/><net_sink comp="816" pin=0"/></net>

<net id="822"><net_src comp="810" pin="2"/><net_sink comp="816" pin=1"/></net>

<net id="823"><net_src comp="56" pin="0"/><net_sink comp="816" pin=2"/></net>

<net id="827"><net_src comp="810" pin="2"/><net_sink comp="824" pin=0"/></net>

<net id="833"><net_src comp="54" pin="0"/><net_sink comp="828" pin=0"/></net>

<net id="834"><net_src comp="810" pin="2"/><net_sink comp="828" pin=1"/></net>

<net id="835"><net_src comp="46" pin="0"/><net_sink comp="828" pin=2"/></net>

<net id="840"><net_src comp="816" pin="3"/><net_sink comp="836" pin=0"/></net>

<net id="841"><net_src comp="48" pin="0"/><net_sink comp="836" pin=1"/></net>

<net id="846"><net_src comp="828" pin="3"/><net_sink comp="842" pin=0"/></net>

<net id="847"><net_src comp="836" pin="2"/><net_sink comp="842" pin=1"/></net>

<net id="852"><net_src comp="816" pin="3"/><net_sink comp="848" pin=0"/></net>

<net id="853"><net_src comp="828" pin="3"/><net_sink comp="848" pin=1"/></net>

<net id="859"><net_src comp="842" pin="2"/><net_sink comp="854" pin=0"/></net>

<net id="860"><net_src comp="50" pin="0"/><net_sink comp="854" pin=1"/></net>

<net id="861"><net_src comp="52" pin="0"/><net_sink comp="854" pin=2"/></net>

<net id="867"><net_src comp="848" pin="2"/><net_sink comp="862" pin=0"/></net>

<net id="868"><net_src comp="854" pin="3"/><net_sink comp="862" pin=1"/></net>

<net id="869"><net_src comp="824" pin="1"/><net_sink comp="862" pin=2"/></net>

<net id="873"><net_src comp="76" pin="1"/><net_sink comp="870" pin=0"/></net>

<net id="874"><net_src comp="870" pin="1"/><net_sink comp="204" pin=1"/></net>

<net id="875"><net_src comp="870" pin="1"/><net_sink comp="209" pin=0"/></net>

<net id="876"><net_src comp="870" pin="1"/><net_sink comp="260" pin=1"/></net>

<net id="880"><net_src comp="80" pin="2"/><net_sink comp="877" pin=0"/></net>

<net id="881"><net_src comp="877" pin="1"/><net_sink comp="275" pin=1"/></net>

<net id="885"><net_src comp="92" pin="2"/><net_sink comp="882" pin=0"/></net>

<net id="886"><net_src comp="882" pin="1"/><net_sink comp="248" pin=1"/></net>

<net id="890"><net_src comp="216" pin="2"/><net_sink comp="887" pin=0"/></net>

<net id="894"><net_src comp="244" pin="1"/><net_sink comp="891" pin=0"/></net>

<net id="895"><net_src comp="891" pin="1"/><net_sink comp="248" pin=0"/></net>

<net id="899"><net_src comp="254" pin="2"/><net_sink comp="896" pin=0"/></net>

<net id="900"><net_src comp="896" pin="1"/><net_sink comp="275" pin=0"/></net>

<net id="901"><net_src comp="896" pin="1"/><net_sink comp="285" pin=0"/></net>

<net id="905"><net_src comp="104" pin="3"/><net_sink comp="902" pin=0"/></net>

<net id="906"><net_src comp="902" pin="1"/><net_sink comp="111" pin=0"/></net>

<net id="910"><net_src comp="117" pin="3"/><net_sink comp="907" pin=0"/></net>

<net id="911"><net_src comp="907" pin="1"/><net_sink comp="124" pin=0"/></net>

<net id="915"><net_src comp="130" pin="3"/><net_sink comp="912" pin=0"/></net>

<net id="916"><net_src comp="912" pin="1"/><net_sink comp="144" pin=2"/></net>

<net id="917"><net_src comp="912" pin="1"/><net_sink comp="144" pin=0"/></net>

<net id="921"><net_src comp="137" pin="3"/><net_sink comp="918" pin=0"/></net>

<net id="922"><net_src comp="918" pin="1"/><net_sink comp="154" pin=2"/></net>

<net id="923"><net_src comp="918" pin="1"/><net_sink comp="154" pin=0"/></net>

<net id="927"><net_src comp="111" pin="3"/><net_sink comp="924" pin=0"/></net>

<net id="928"><net_src comp="924" pin="1"/><net_sink comp="295" pin=0"/></net>

<net id="932"><net_src comp="124" pin="3"/><net_sink comp="929" pin=0"/></net>

<net id="933"><net_src comp="929" pin="1"/><net_sink comp="315" pin=0"/></net>

<net id="937"><net_src comp="164" pin="3"/><net_sink comp="934" pin=0"/></net>

<net id="938"><net_src comp="934" pin="1"/><net_sink comp="144" pin=2"/></net>

<net id="939"><net_src comp="934" pin="1"/><net_sink comp="144" pin=0"/></net>

<net id="943"><net_src comp="171" pin="3"/><net_sink comp="940" pin=0"/></net>

<net id="944"><net_src comp="940" pin="1"/><net_sink comp="154" pin=2"/></net>

<net id="945"><net_src comp="940" pin="1"/><net_sink comp="154" pin=0"/></net>

<net id="949"><net_src comp="290" pin="1"/><net_sink comp="946" pin=0"/></net>

<net id="950"><net_src comp="946" pin="1"/><net_sink comp="184" pin=0"/></net>

<net id="954"><net_src comp="295" pin="1"/><net_sink comp="951" pin=0"/></net>

<net id="955"><net_src comp="951" pin="1"/><net_sink comp="188" pin=1"/></net>

<net id="956"><net_src comp="951" pin="1"/><net_sink comp="192" pin=1"/></net>

<net id="960"><net_src comp="300" pin="1"/><net_sink comp="957" pin=0"/></net>

<net id="961"><net_src comp="957" pin="1"/><net_sink comp="188" pin=0"/></net>

<net id="965"><net_src comp="305" pin="1"/><net_sink comp="962" pin=0"/></net>

<net id="966"><net_src comp="962" pin="1"/><net_sink comp="192" pin=0"/></net>

<net id="970"><net_src comp="310" pin="1"/><net_sink comp="967" pin=0"/></net>

<net id="971"><net_src comp="967" pin="1"/><net_sink comp="180" pin=0"/></net>

<net id="975"><net_src comp="315" pin="1"/><net_sink comp="972" pin=0"/></net>

<net id="976"><net_src comp="972" pin="1"/><net_sink comp="180" pin=1"/></net>

<net id="977"><net_src comp="972" pin="1"/><net_sink comp="184" pin=1"/></net>

<net id="981"><net_src comp="180" pin="2"/><net_sink comp="978" pin=0"/></net>

<net id="982"><net_src comp="978" pin="1"/><net_sink comp="323" pin=1"/></net>

<net id="986"><net_src comp="188" pin="2"/><net_sink comp="983" pin=0"/></net>

<net id="987"><net_src comp="983" pin="1"/><net_sink comp="320" pin=0"/></net>

<net id="991"><net_src comp="184" pin="2"/><net_sink comp="988" pin=0"/></net>

<net id="992"><net_src comp="988" pin="1"/><net_sink comp="365" pin=1"/></net>

<net id="996"><net_src comp="192" pin="2"/><net_sink comp="993" pin=0"/></net>

<net id="997"><net_src comp="993" pin="1"/><net_sink comp="362" pin=0"/></net>

<net id="1001"><net_src comp="328" pin="3"/><net_sink comp="998" pin=0"/></net>

<net id="1002"><net_src comp="998" pin="1"/><net_sink comp="442" pin=0"/></net>

<net id="1003"><net_src comp="998" pin="1"/><net_sink comp="447" pin=1"/></net>

<net id="1004"><net_src comp="998" pin="1"/><net_sink comp="482" pin=0"/></net>

<net id="1008"><net_src comp="336" pin="4"/><net_sink comp="1005" pin=0"/></net>

<net id="1009"><net_src comp="1005" pin="1"/><net_sink comp="407" pin=0"/></net>

<net id="1013"><net_src comp="346" pin="3"/><net_sink comp="1010" pin=0"/></net>

<net id="1014"><net_src comp="1010" pin="1"/><net_sink comp="404" pin=0"/></net>

<net id="1018"><net_src comp="354" pin="3"/><net_sink comp="1015" pin=0"/></net>

<net id="1019"><net_src comp="1015" pin="1"/><net_sink comp="426" pin=0"/></net>

<net id="1020"><net_src comp="1015" pin="1"/><net_sink comp="431" pin=0"/></net>

<net id="1024"><net_src comp="370" pin="3"/><net_sink comp="1021" pin=0"/></net>

<net id="1025"><net_src comp="1021" pin="1"/><net_sink comp="547" pin=0"/></net>

<net id="1026"><net_src comp="1021" pin="1"/><net_sink comp="552" pin=1"/></net>

<net id="1027"><net_src comp="1021" pin="1"/><net_sink comp="587" pin=0"/></net>

<net id="1031"><net_src comp="378" pin="4"/><net_sink comp="1028" pin=0"/></net>

<net id="1032"><net_src comp="1028" pin="1"/><net_sink comp="512" pin=0"/></net>

<net id="1036"><net_src comp="388" pin="3"/><net_sink comp="1033" pin=0"/></net>

<net id="1037"><net_src comp="1033" pin="1"/><net_sink comp="509" pin=0"/></net>

<net id="1041"><net_src comp="396" pin="3"/><net_sink comp="1038" pin=0"/></net>

<net id="1042"><net_src comp="1038" pin="1"/><net_sink comp="531" pin=0"/></net>

<net id="1043"><net_src comp="1038" pin="1"/><net_sink comp="536" pin=0"/></net>

<net id="1047"><net_src comp="501" pin="3"/><net_sink comp="1044" pin=0"/></net>

<net id="1048"><net_src comp="1044" pin="1"/><net_sink comp="618" pin=0"/></net>

<net id="1052"><net_src comp="606" pin="3"/><net_sink comp="1049" pin=0"/></net>

<net id="1053"><net_src comp="1049" pin="1"/><net_sink comp="686" pin=0"/></net>

<net id="1057"><net_src comp="802" pin="3"/><net_sink comp="1054" pin=0"/></net>

<net id="1058"><net_src comp="1054" pin="1"/><net_sink comp="144" pin=1"/></net>

<net id="1062"><net_src comp="862" pin="3"/><net_sink comp="1059" pin=0"/></net>

<net id="1063"><net_src comp="1059" pin="1"/><net_sink comp="154" pin=1"/></net>

</net_list>

</model> 
---------------- Datapath Model END ------------------

* FSMD analyzer results:
  - Output states:
	Port: data_real | {22 23 }
	Port: data_imag | {22 23 }
	Port: TWIDDLE_REAL | {}
	Port: TWIDDLE_IMAG | {}
 - Input state : 
	Port: fft1d_fixed_col_Pipeline_VITIS_LOOP_151_5 : select_ln151 | {1 }
	Port: fft1d_fixed_col_Pipeline_VITIS_LOOP_151_5 : len | {1 }
	Port: fft1d_fixed_col_Pipeline_VITIS_LOOP_151_5 : empty_42 | {1 }
	Port: fft1d_fixed_col_Pipeline_VITIS_LOOP_151_5 : data_real | {16 17 18 }
	Port: fft1d_fixed_col_Pipeline_VITIS_LOOP_151_5 : data_imag | {16 17 18 }
	Port: fft1d_fixed_col_Pipeline_VITIS_LOOP_151_5 : empty | {1 }
	Port: fft1d_fixed_col_Pipeline_VITIS_LOOP_151_5 : TWIDDLE_REAL | {16 17 }
	Port: fft1d_fixed_col_Pipeline_VITIS_LOOP_151_5 : TWIDDLE_IMAG | {16 17 }
  - Chain level:
	State 1
		store_ln151 : 1
		j_1 : 1
		zext_ln151 : 2
		icmp_ln151 : 3
		add_ln151 : 2
		br_ln151 : 4
		trunc_ln151 : 2
		zext_ln151_1 : 3
		shl_ln : 3
		zext_ln80 : 4
		index : 5
		add_ln153 : 4
		store_ln151 : 3
	State 2
	State 3
	State 4
	State 5
	State 6
	State 7
	State 8
	State 9
	State 10
	State 11
	State 12
	State 13
	State 14
	State 15
	State 16
		trunc_ln81 : 1
		zext_ln81 : 2
		TWIDDLE_REAL_addr : 3
		w_real : 4
		TWIDDLE_IMAG_addr : 3
		w_imag : 4
		zext_ln154 : 1
		a_real : 2
		a_imag : 2
		a_real_load : 3
		a_imag_load : 3
	State 17
		data_real_addr : 1
		data_imag_addr : 1
		u_real : 2
		u_imag : 2
	State 18
		mul_ln94 : 1
		mul_ln94_1 : 1
		mul_ln95 : 1
		mul_ln95_1 : 1
	State 19
	State 20
		sub_ln94 : 1
		tmp_3 : 2
		trunc_ln4 : 2
		tmp_4 : 2
		tmp_5 : 2
		add_ln95 : 1
		tmp_7 : 2
		trunc_ln5 : 2
		tmp_8 : 2
		tmp_9 : 2
	State 21
		add_ln94 : 1
		tmp_6 : 2
		xor_ln94 : 3
		and_ln94 : 3
		or_ln94_2 : 3
		xor_ln94_3 : 3
		or_ln94 : 3
		and_ln94_1 : 3
		or_ln94_3 : 3
		xor_ln94_5 : 3
		and_ln94_2 : 3
		select_ln94 : 3
		or_ln94_1 : 3
		v_real : 3
		add_ln95_1 : 1
		tmp_10 : 2
		xor_ln95 : 3
		and_ln95 : 3
		or_ln95_2 : 3
		xor_ln95_3 : 3
		or_ln95 : 3
		and_ln95_1 : 3
		or_ln95_3 : 3
		xor_ln95_5 : 3
		and_ln95_2 : 3
		select_ln95 : 3
		or_ln95_1 : 3
		v_imag : 3
	State 22
		add_ln85 : 1
		tmp_11 : 2
		trunc_ln85 : 2
		tmp_12 : 2
		xor_ln85 : 3
		and_ln85 : 3
		xor_ln85_1 : 3
		select_ln85 : 3
		select_ln85_1 : 4
		add_ln85_1 : 1
		tmp_13 : 2
		trunc_ln85_1 : 2
		tmp_14 : 2
		xor_ln85_2 : 3
		and_ln85_1 : 3
		xor_ln85_3 : 3
		select_ln85_2 : 3
		select_ln85_3 : 4
		store_ln156 : 5
		store_ln156 : 5
		sub_ln89 : 1
		tmp_15 : 2
		trunc_ln89 : 2
		tmp_16 : 2
		xor_ln89 : 3
		and_ln89 : 3
		xor_ln89_1 : 3
		select_ln89 : 3
		select_ln89_1 : 4
		sub_ln89_1 : 1
		tmp_17 : 2
		trunc_ln89_1 : 2
		tmp_18 : 2
		xor_ln89_2 : 3
		and_ln89_1 : 3
		xor_ln89_3 : 3
		select_ln89_2 : 3
		select_ln89_3 : 4
	State 23


============================================================
+ Verbose Summary: Datapath Resource usage 
============================================================

* Functional unit list:
|----------|------------------------------|---------|---------|---------|
| Operation|        Functional Unit       |   DSP   |    FF   |   LUT   |
|----------|------------------------------|---------|---------|---------|
|   sdiv   |          grp_fu_248          |    0    |   2283  |   1738  |
|----------|------------------------------|---------|---------|---------|
|          |          grp_fu_180          |    2    |   165   |    50   |
|    mul   |          grp_fu_184          |    2    |   165   |    50   |
|          |          grp_fu_188          |    2    |   165   |    50   |
|          |          grp_fu_192          |    2    |   165   |    50   |
|----------|------------------------------|---------|---------|---------|
|          |      select_ln94_fu_487      |    0    |    0    |    32   |
|          |         v_real_fu_501        |    0    |    0    |    32   |
|          |      select_ln95_fu_592      |    0    |    0    |    32   |
|          |         v_imag_fu_606        |    0    |    0    |    32   |
|          |      select_ln85_fu_665      |    0    |    0    |    32   |
|  select  |     select_ln85_1_fu_673     |    0    |    0    |    32   |
|          |     select_ln85_2_fu_733     |    0    |    0    |    32   |
|          |     select_ln85_3_fu_741     |    0    |    0    |    32   |
|          |      select_ln89_fu_794      |    0    |    0    |    32   |
|          |     select_ln89_1_fu_802     |    0    |    0    |    32   |
|          |     select_ln89_2_fu_854     |    0    |    0    |    32   |
|          |     select_ln89_3_fu_862     |    0    |    0    |    32   |
|----------|------------------------------|---------|---------|---------|
|          |       add_ln151_fu_222       |    0    |    0    |    14   |
|          |       add_ln153_fu_254       |    0    |    0    |    14   |
|          |       add_ln154_fu_275       |    0    |    0    |    14   |
|    add   |        add_ln95_fu_365       |    0    |    0    |    52   |
|          |        add_ln94_fu_407       |    0    |    0    |    39   |
|          |       add_ln95_1_fu_512      |    0    |    0    |    39   |
|          |        add_ln85_fu_621       |    0    |    0    |    39   |
|          |       add_ln85_1_fu_689      |    0    |    0    |    39   |
|----------|------------------------------|---------|---------|---------|
|          |        sub_ln94_fu_323       |    0    |    0    |    52   |
|    sub   |        sub_ln89_fu_750       |    0    |    0    |    39   |
|          |       sub_ln89_1_fu_810      |    0    |    0    |    39   |
|----------|------------------------------|---------|---------|---------|
|          |        xor_ln94_fu_420       |    0    |    0    |    2    |
|          |       xor_ln94_2_fu_431      |    0    |    0    |    2    |
|          |       xor_ln94_1_fu_442      |    0    |    0    |    2    |
|          |       xor_ln94_4_fu_447      |    0    |    0    |    2    |
|          |       xor_ln94_3_fu_452      |    0    |    0    |    2    |
|          |       xor_ln94_5_fu_476      |    0    |    0    |    2    |
|          |        xor_ln95_fu_525       |    0    |    0    |    2    |
|          |       xor_ln95_2_fu_536      |    0    |    0    |    2    |
|          |       xor_ln95_1_fu_547      |    0    |    0    |    2    |
|    xor   |       xor_ln95_4_fu_552      |    0    |    0    |    2    |
|          |       xor_ln95_3_fu_557      |    0    |    0    |    2    |
|          |       xor_ln95_5_fu_581      |    0    |    0    |    2    |
|          |        xor_ln85_fu_647       |    0    |    0    |    2    |
|          |       xor_ln85_1_fu_659      |    0    |    0    |    2    |
|          |       xor_ln85_2_fu_715      |    0    |    0    |    2    |
|          |       xor_ln85_3_fu_727      |    0    |    0    |    2    |
|          |        xor_ln89_fu_776       |    0    |    0    |    2    |
|          |       xor_ln89_1_fu_788      |    0    |    0    |    2    |
|          |       xor_ln89_2_fu_836      |    0    |    0    |    2    |
|          |       xor_ln89_3_fu_848      |    0    |    0    |    2    |
|----------|------------------------------|---------|---------|---------|
|   icmp   |       icmp_ln151_fu_216      |    0    |    0    |    38   |
|----------|------------------------------|---------|---------|---------|
|          |        and_ln94_fu_426       |    0    |    0    |    2    |
|          |       and_ln94_1_fu_464      |    0    |    0    |    2    |
|          |       and_ln94_2_fu_482      |    0    |    0    |    2    |
|          |        and_ln95_fu_531       |    0    |    0    |    2    |
|    and   |       and_ln95_1_fu_569      |    0    |    0    |    2    |
|          |       and_ln95_2_fu_587      |    0    |    0    |    2    |
|          |        and_ln85_fu_653       |    0    |    0    |    2    |
|          |       and_ln85_1_fu_721      |    0    |    0    |    2    |
|          |        and_ln89_fu_782       |    0    |    0    |    2    |
|          |       and_ln89_1_fu_842      |    0    |    0    |    2    |
|----------|------------------------------|---------|---------|---------|
|          |       or_ln94_2_fu_436       |    0    |    0    |    2    |
|          |        or_ln94_fu_458        |    0    |    0    |    2    |
|          |       or_ln94_3_fu_470       |    0    |    0    |    2    |
|    or    |       or_ln94_1_fu_495       |    0    |    0    |    2    |
|          |       or_ln95_2_fu_541       |    0    |    0    |    2    |
|          |        or_ln95_fu_563        |    0    |    0    |    2    |
|          |       or_ln95_3_fu_575       |    0    |    0    |    2    |
|          |       or_ln95_1_fu_600       |    0    |    0    |    2    |
|----------|------------------------------|---------|---------|---------|
|          |        tmp_read_fu_80        |    0    |    0    |    0    |
|   read   |       tmp_2_read_fu_86       |    0    |    0    |    0    |
|          |      len_read_read_fu_92     |    0    |    0    |    0    |
|          | select_ln151_read_read_fu_98 |    0    |    0    |    0    |
|----------|------------------------------|---------|---------|---------|
|          |       zext_ln151_fu_212      |    0    |    0    |    0    |
|          |      zext_ln151_1_fu_232     |    0    |    0    |    0    |
|          |       zext_ln80_fu_244       |    0    |    0    |    0    |
|   zext   |       zext_ln81_fu_269       |    0    |    0    |    0    |
|          |       zext_ln154_fu_279      |    0    |    0    |    0    |
|          |       zext_ln153_fu_285      |    0    |    0    |    0    |
|          |       zext_ln94_fu_404       |    0    |    0    |    0    |
|          |       zext_ln95_fu_509       |    0    |    0    |    0    |
|----------|------------------------------|---------|---------|---------|
|          |      trunc_ln151_fu_228      |    0    |    0    |    0    |
|          |       trunc_ln81_fu_265      |    0    |    0    |    0    |
|   trunc  |       trunc_ln85_fu_635      |    0    |    0    |    0    |
|          |      trunc_ln85_1_fu_703     |    0    |    0    |    0    |
|          |       trunc_ln89_fu_764      |    0    |    0    |    0    |
|          |      trunc_ln89_1_fu_824     |    0    |    0    |    0    |
|----------|------------------------------|---------|---------|---------|
|bitconcatenate|         shl_ln_fu_236        |    0    |    0    |    0    |
|----------|------------------------------|---------|---------|---------|
|          |       sext_ln94_fu_290       |    0    |    0    |    0    |
|          |      sext_ln95_1_fu_295      |    0    |    0    |    0    |
|          |      sext_ln94_1_fu_300      |    0    |    0    |    0    |
|          |      sext_ln95_2_fu_305      |    0    |    0    |    0    |
|          |      sext_ln94_2_fu_310      |    0    |    0    |    0    |
|   sext   |      sext_ln94_3_fu_315      |    0    |    0    |    0    |
|          |      sext_ln94_4_fu_320      |    0    |    0    |    0    |
|          |       sext_ln95_fu_362       |    0    |    0    |    0    |
|          |       sext_ln85_fu_614       |    0    |    0    |    0    |
|          |      sext_ln85_1_fu_618      |    0    |    0    |    0    |
|          |      sext_ln85_2_fu_682      |    0    |    0    |    0    |
|          |      sext_ln85_3_fu_686      |    0    |    0    |    0    |
|----------|------------------------------|---------|---------|---------|
|          |         tmp_3_fu_328         |    0    |    0    |    0    |
|          |         tmp_4_fu_346         |    0    |    0    |    0    |
|          |         tmp_5_fu_354         |    0    |    0    |    0    |
|          |         tmp_7_fu_370         |    0    |    0    |    0    |
|          |         tmp_8_fu_388         |    0    |    0    |    0    |
|          |         tmp_9_fu_396         |    0    |    0    |    0    |
|          |         tmp_6_fu_412         |    0    |    0    |    0    |
| bitselect|         tmp_10_fu_517        |    0    |    0    |    0    |
|          |         tmp_11_fu_627        |    0    |    0    |    0    |
|          |         tmp_12_fu_639        |    0    |    0    |    0    |
|          |         tmp_13_fu_695        |    0    |    0    |    0    |
|          |         tmp_14_fu_707        |    0    |    0    |    0    |
|          |         tmp_15_fu_756        |    0    |    0    |    0    |
|          |         tmp_16_fu_768        |    0    |    0    |    0    |
|          |         tmp_17_fu_816        |    0    |    0    |    0    |
|          |         tmp_18_fu_828        |    0    |    0    |    0    |
|----------|------------------------------|---------|---------|---------|
|partselect|       trunc_ln4_fu_336       |    0    |    0    |    0    |
|          |       trunc_ln5_fu_378       |    0    |    0    |    0    |
|----------|------------------------------|---------|---------|---------|
|   Total  |                              |    8    |   2943  |   2816  |
|----------|------------------------------|---------|---------|---------|

Memories:
N/A

* Register list:
+-------------------------+--------+
|                         |   FF   |
+-------------------------+--------+
|TWIDDLE_IMAG_addr_reg_907|    5   |
|TWIDDLE_REAL_addr_reg_902|    5   |
|      a_imag_reg_918     |    6   |
|      a_real_reg_912     |    6   |
|    add_ln153_reg_896    |    6   |
|  data_imag_addr_reg_940 |    6   |
|  data_real_addr_reg_934 |    6   |
|    icmp_ln151_reg_887   |    1   |
|        j_reg_870        |    6   |
|     len_read_reg_882    |   32   |
|    mul_ln94_1_reg_983   |   44   |
|     mul_ln94_reg_978    |   45   |
|    mul_ln95_1_reg_993   |   44   |
|     mul_ln95_reg_988    |   45   |
|         reg_196         |   32   |
|         reg_200         |   32   |
|  select_ln89_1_reg_1054 |   32   |
|  select_ln89_3_reg_1059 |   32   |
|   sext_ln94_1_reg_957   |   44   |
|   sext_ln94_2_reg_967   |   45   |
|   sext_ln94_3_reg_972   |   45   |
|    sext_ln94_reg_946    |   45   |
|   sext_ln95_1_reg_951   |   44   |
|   sext_ln95_2_reg_962   |   44   |
|      tmp_3_reg_998      |    1   |
|      tmp_4_reg_1010     |    1   |
|      tmp_5_reg_1015     |    1   |
|      tmp_7_reg_1021     |    1   |
|      tmp_8_reg_1033     |    1   |
|      tmp_9_reg_1038     |    1   |
|       tmp_reg_877       |    6   |
|    trunc_ln4_reg_1005   |   32   |
|    trunc_ln5_reg_1028   |   32   |
|     v_imag_reg_1049     |   32   |
|     v_real_reg_1044     |   32   |
|      w_imag_reg_929     |   13   |
|      w_real_reg_924     |   14   |
|    zext_ln80_reg_891    |   32   |
+-------------------------+--------+
|          Total          |   851  |
+-------------------------+--------+

* Multiplexer (MUX) list: 
|-------------------|------|------|------|--------||---------||---------||---------|
|        Comp       |  Pin | Size |  BW  | S x BW ||  Delay  ||    FF   ||   LUT   |
|-------------------|------|------|------|--------||---------||---------||---------|
| grp_access_fu_111 |  p0  |   2  |   5  |   10   ||    0    ||    9    |
| grp_access_fu_124 |  p0  |   2  |   5  |   10   ||    0    ||    9    |
| grp_access_fu_144 |  p0  |   2  |   6  |   12   ||    0    ||    9    |
| grp_access_fu_144 |  p1  |   2  |  32  |   64   ||    0    ||    9    |
| grp_access_fu_144 |  p2  |   4  |   0  |    0   ||    0    ||    20   |
| grp_access_fu_154 |  p0  |   2  |   6  |   12   ||    0    ||    9    |
| grp_access_fu_154 |  p1  |   2  |  32  |   64   ||    0    ||    9    |
| grp_access_fu_154 |  p2  |   4  |   0  |    0   ||    0    ||    20   |
|     grp_fu_180    |  p0  |   2  |  32  |   64   ||    0    ||    9    |
|     grp_fu_180    |  p1  |   2  |  13  |   26   ||    0    ||    9    |
|     grp_fu_184    |  p0  |   2  |  32  |   64   ||    0    ||    9    |
|     grp_fu_184    |  p1  |   2  |  13  |   26   ||    0    ||    9    |
|     grp_fu_188    |  p0  |   2  |  32  |   64   ||    0    ||    9    |
|     grp_fu_188    |  p1  |   2  |  14  |   28   ||    0    ||    9    |
|     grp_fu_192    |  p0  |   2  |  32  |   64   ||    0    ||    9    |
|     grp_fu_192    |  p1  |   2  |  14  |   28   ||    0    ||    9    |
|     grp_fu_248    |  p0  |   2  |  12  |   24   ||    0    ||    9    |
|     grp_fu_248    |  p1  |   2  |  32  |   64   ||    0    ||    9    |
|-------------------|------|------|------|--------||---------||---------||---------|
|       Total       |      |      |      |   624  || 29.0612 ||    0    ||   184   |
|-------------------|------|------|------|--------||---------||---------||---------|



* Summary:
+-----------+--------+--------+--------+--------+
|           |   DSP  |  Delay |   FF   |   LUT  |
+-----------+--------+--------+--------+--------+
|  Function |    8   |    -   |  2943  |  2816  |
|   Memory  |    -   |    -   |    -   |    -   |
|Multiplexer|    -   |   29   |    0   |   184  |
|  Register |    -   |    -   |   851  |    -   |
+-----------+--------+--------+--------+--------+
|   Total   |    8   |   29   |  3794  |  3000  |
+-----------+--------+--------+--------+--------+
